draw_id,draw_time,num_1,num_2,num_3,num_4,num_5,num_6,num_7,num_8,num_9,num_10,num_11,num_12,num_13,num_14,num_15,num_16,num_17,num_18,num_19,num_20,freq_1,freq_2,freq_3,freq_4,freq_5,freq_6,freq_7,freq_8,freq_9,freq_10,freq_11,freq_12,freq_13,freq_14,freq_15,freq_16,freq_17,freq_18,freq_19,freq_20,freq_21,freq_22,freq_23,freq_24,freq_25,freq_26,freq_27,freq_28,freq_29,freq_30,freq_31,freq_32,freq_33,freq_34,freq_35,freq_36,freq_37,freq_38,freq_39,freq_40,freq_41,freq_42,freq_43,freq_44,freq_45,freq_46,freq_47,freq_48,freq_49,freq_50,freq_51,freq_52,freq_53,freq_54,freq_55,freq_56,freq_57,freq_58,freq_59,freq_60,freq_61,freq_62,freq_63,freq_64,freq_65,freq_66,freq_67,freq_68,freq_69,freq_70,freq_71,freq_72,freq_73,freq_74,freq_75,freq_76,freq_77,freq_78,freq_79,freq_80,gap_1,gap_2,gap_3,gap_4,gap_5,gap_6,gap_7,gap_8,gap_9,gap_10,gap_11,gap_12,gap_13,gap_14,gap_15,gap_16,gap_17,gap_18,gap_19,gap_20,gap_21,gap_22,gap_23,gap_24,gap_25,gap_26,gap_27,gap_28,gap_29,gap_30,gap_31,gap_32,gap_33,gap_34,gap_35,gap_36,gap_37,gap_38,gap_39,gap_40,gap_41,gap_42,gap_43,gap_44,gap_45,gap_46,gap_47,gap_48,gap_49,gap_50,gap_51,gap_52,gap_53,gap_54,gap_55,gap_56,gap_57,gap_58,gap_59,gap_60,gap_61,gap_62,gap_63,gap_64,gap_65,gap_66,gap_67,gap_68,gap_69,gap_70,gap_71,gap_72,gap_73,gap_74,gap_75,gap_76,gap_77,gap_78,gap_79,gap_80,is_7_hit,repeats_from_last_draw,odd_count,even_count,sum_total,low_numbers_count,high_numbers_count,std_deviation,most_common_hits,consecutive_count,unique_modulo_10
1000000,2023-02-09 11:30:00,5,61,23,79,43,78,62,48,13,40,10,33,39,74,30,22,64,37,65,80,0,0,0,0,1,0,0,0,0,1,0,0,1,0,0,0,0,0,0,0,0,1,1,0,0,0,0,0,0,1,0,0,1,0,0,0,1,0,1,1,0,0,1,0,0,0,0,1,0,0,0,0,0,0,0,0,0,0,0,0,1,1,0,1,1,0,0,0,0,0,0,0,0,1,0,0,0,1,1,1,-1,-1,-1,-1,-1,-1,-1,-1,-1,-1,-1,-1,-1,-1,-1,-1,-1,-1,-1,-1,-1,-1,-1,-1,-1,-1,-1,-1,-1,-1,-1,-1,-1,-1,-1,-1,-1,-1,-1,-1,-1,-1,-1,-1,-1,-1,-1,-1,-1,-1,-1,-1,-1,-1,-1,-1,-1,-1,-1,-1,-1,-1,-1,-1,-1,-1,-1,-1,-1,-1,-1,-1,-1,-1,-1,-1,-1,-1,-1,-1,0,0,10,10,906,10,10,24.044038543341344,0,6,9
1000001,2023-02-09 11:35:00,18,1,43,11,51,56,80,64,21,31,13,70,65,41,72,38,24,44,23,37,1,0,0,0,1,0,0,0,0,1,1,0,2,0,0,0,0,1,0,0,1,1,2,1,0,0,0,0,0,1,1,0,1,0,0,0,2,1,1,1,1,0,2,1,0,0,0,1,0,0,1,0,0,0,0,1,0,0,0,0,1,1,0,2,2,0,0,0,0,1,0,1,0,1,0,0,0,1,1,2,-1,-1,-1,-1,1,-1,-1,-1,-1,1,-1,-1,1,-1,-1,-1,-1,-1,-1,-1,-1,1,1,-1,-1,-1,-1,-1,-1,1,-1,-1,1,-1,-1,-1,1,-1,1,1,-1,-1,1,-1,-1,-1,-1,1,-1,-1,-1,-1,-1,-1,-1,-1,-1,-1,-1,-1,1,1,-1,1,1,-1,-1,-1,-1,-1,-1,-1,-1,1,-1,-1,-1,1,1,1,0,7,11,9,803,10,10,22.597799147611465,2,4,9
1000002,2023-02-09 11:40:00,69,55,37,29,33,58,75,36,54,7,39,23,61,14,16,73,1,30,42,8,2,0,0,0,1,0,1,1,0,1,1,0,2,1,0,1,0,1,0,0,1,1,3,1,0,0,0,0,1,2,1,0,2,0,0,1,3,1,2,1,1,1,2,1,0,0,0,1,0,0,1,0,0,1,1,1,0,1,0,0,2,1,0,2,2,0,0,0,1,1,0,1,1,1,1,0,0,1,1,2,1,-1,-1,-1,2,-1,-1,-1,-1,2,1,-1,1,-1,-1,-1,-1,1,-1,-1,1,2,1,1,-1,-1,-1,-1,-1,2,1,-1,2,-1,-1,-1,1,1,2,2,1,-1,1,1,-1,-1,-1,2,-1,-1,1,-1,-1,-1,-1,1,-1,-1,-1,-1,2,2,-1,1,1,-1,-1,-1,-1,1,-1,1,-1,2,-1,-1,-1,2,2,1,1,3,12,8,760,12,8,22.636719122513735,5,4,10
1000003,2023-02-09 11:45:00,33,47,44,13,46,52,18,55,70,31,61,67,19,4,37,30,51,69,48,58,2,0,0,1,1,0,1,1,0,1,1,0,3,1,0,1,0,2,1,0,1,1,3,1,0,0,0,0,1,3,2,0,3,0,0,1,4,1,2,1,1,1,2,2,0,1,1,2,0,0,2,1,0,1,2,1,0,2,0,0,3,1,0,2,2,0,1,0,2,2,0,1,1,1,1,0,0,1,1,2,1,-1,-1,-1,3,-1,1,1,-1,3,2,-1,2,1,-1,1,-1,2,-1,-1,2,3,1,2,-1,-1,-1,-1,1,1,2,-1,1,-1,-1,1,1,2,1,3,2,1,2,2,-1,-1,-1,3,-1,-1,2,-1,-1,1,1,2,-1,1,-1,-1,1,3,-1,2,2,-1,-1,-1,1,2,-1,2,1,3,1,-1,-1,3,3,2,0,7,11,9,853,8,12,19.10986243030711,4,6,10
1000004,2023-02-09 11:50:00,10,74,67,38,44,2,1,53,14,75,26,52,48,4,12,61,66,70,15,17,3,1,0,2,1,0,1,1,0,2,1,1,3,2,1,1,1,2,1,0,1,1,3,1,0,1,0,0,1,3,2,0,3,0,0,1,4,2,2,1,1,1,2,3,0,1,1,3,0,0,2,2,1,1,2,1,0,2,0,0,4,1,0,2,2,1,2,0,2,3,0,1,1,2,2,0,0,1,1,2,2,-1,-1,1,4,-1,2,2,-1,4,3,-1,1,2,-1,2,-1,1,1,-1,3,4,2,3,-1,-1,-1,-1,2,1,1,-1,1,-1,-1,2,1,3,2,4,3,2,3,1,-1,1,1,1,-1,-1,1,1,-1,2,1,3,-1,1,-1,-1,1,4,-1,3,3,-1,1,-1,1,1,-1,3,2,4,2,-1,-1,4,4,3,0,7,7,13,749,10,10,26.522036517821014,2,5,9
1000005,2023-02-09 11:55:00,52,6,73,58,16,5,23,68,55,64,72,36,35,37,61,42,79,48,78,21,3,1,0,2,2,1,1,1,0,2,1,1,3,2,1,2,1,2,1,0,2,1,4,1,0,1,0,0,1,3,2,0,3,0,1,2,5,2,2,1,1,2,2,3,0,1,1,4,0,0,2,3,1,1,3,1,0,3,0,0,5,1,0,3,2,1,2,1,2,3,0,2,2,2,2,0,0,2,2,2,1,1,-1,1,5,-1,3,3,-1,1,4,1,2,1,1,3,1,2,2,-1,4,5,3,4,-1,1,-1,-1,3,2,2,-1,2,-1,-1,3,2,1,3,5,4,3,4,1,-1,2,2,1,-1,-1,2,1,1,3,2,4,-1,2,-1,-1,1,5,-1,4,4,1,1,-1,2,1,-1,4,3,1,1,-1,-1,5,5,4,0,3,9,11,929,8,12,23.46884833359454,3,5,9
1000006,2023-02-09 12:00:00,45,22,50,7,75,48,13,37,12,27,17,58,2,33,52,39,6,40,9,14,3,2,0,2,2,2,2,1,1,2,1,2,4,3,1,2,2,2,1,0,2,2,4,1,0,1,1,0,1,3,2,0,4,0,1,2,6,2,3,2,1,2,2,3,1,1,1,5,0,1,2,4,1,1,3,1,0,4,0,0,5,1,0,3,2,1,2,1,2,3,0,2,2,2,3,0,0,2,2,2,2,2,-1,2,1,1,4,4,-1,2,5,2,3,2,2,1,2,3,3,-1,1,6,1,5,-1,2,-1,-1,4,3,3,-1,3,-1,1,1,1,2,4,6,5,1,5,2,-1,3,3,1,-1,-1,3,1,2,4,1,5,-1,1,-1,-1,1,6,-1,1,5,2,2,1,3,2,-1,1,1,2,2,-1,-1,1,1,5,1,5,10,10,606,14,6,20.416969206494567,2,4,9
1000007,2023-02-09 12:05:00,7,62,10,74,24,14,31,45,49,71,60,13,5,47,76,25,34,39,48,50,3,2,0,2,3,2,3,1,1,3,1,2,5,4,1,2,2,2,1,0,2,2,4,2,1,1,1,0,1,3,3,0,4,1,1,2,6,2,4,2,1,2,2,3,2,1,2,6,1,2,2,4,1,1,3,1,0,4,0,1,5,2,0,3,2,1,2,1,2,3,1,2,2,3,3,1,0,2,2,2,3,1,-1,3,2,1,1,5,1,3,6,1,1,1,3,2,1,4,4,-1,2,1,2,6,-1,3,1,-1,5,4,4,-1,1,-1,2,2,1,3,1,1,6,2,6,3,1,4,4,1,-1,1,4,1,3,5,2,6,-1,1,-1,-1,2,7,-1,2,6,3,3,2,4,3,-1,2,2,3,1,-1,-1,2,2,6,1,7,10,10,784,10,10,22.735550645583558,4,5,10
1000008,2023-02-09 12:10:00,40,44,20,79,48,75,21,42,55,14,26,7,16,68,34,71,60,15,78,38,3,2,0,2,3,2,4,1,1,3,1,2,5,5,2,3,2,2,1,1,3,2,4,2,1,2,1,0,1,3,3,0,4,2,1,2,6,3,4,3,1,3,2,4,2,1,2,7,1,2,2,4,1,1,4,1,0,4,0,2,5,2,0,3,2,1,2,2,2,3,2,2,2,3,4,1,0,3,3,2,4,2,-1,4,1,2,1,6,2,1,7,2,1,1,4,3,2,5,5,-1,3,2,3,1,1,4,2,-1,6,5,1,-1,2,1,3,3,2,4,1,2,7,3,7,4,1,5,1,1,1,1,5,2,4,6,3,7,-1,2,-1,1,3,1,-1,3,7,4,4,3,5,4,1,3,3,1,2,1,-1,3,3,7,1,6,7,13,851,10,10,23.482300165286865,5,4,9
1000009,2023-02-09 12:15:00,32,70,13,59,58,48,36,35,75,34,54,73,33,55,20,46,12,28,8,56,3,2,0,2,3,2,4,2,1,3,1,3,6,5,2,3,2,2,1,2,3,2,4,2,1,2,1,1,1,3,3,1,5,3,2,3,6,3,4,3,1,3,2,4,2,2,2,8,1,2,2,4,1,2,5,2,0,5,1,2,5,2,0,3,2,1,2,2,2,4,2,2,3,3,5,1,0,3,3,2,5,3,-1,5,2,3,1,7,3,2,8,3,2,1,1,1,3,6,6,1,1,3,4,2,2,1,3,-1,7,6,2,-1,3,1,4,4,3,1,2,1,8,1,8,1,2,6,2,1,2,2,6,3,5,7,1,8,-1,3,-1,1,4,2,-1,4,8,5,5,1,6,5,1,4,4,2,1,2,-1,1,1,8,0,5,7,13,845,10,10,20.32078272425341,5,8,8
1000010,2023-02-09 12:20:00,15,38,69,30,80,46,54,21,53,78,32,7,48,10,63,47,68,28,1,70,4,2,0,2,3,2,5,2,1,4,1,3,6,5,3,3,2,2,1,2,4,2,4,2,1,2,1,2,1,4,3,2,5,3,2,3,6,4,4,3,1,3,2,4,2,3,3,9,1,2,2,4,2,3,5,2,0,5,1,2,5,2,1,3,2,1,2,3,3,5,2,2,3,3,5,1,0,4,3,3,6,4,-1,6,3,4,2,1,4,3,9,1,1,2,2,2,4,7,7,1,2,4,5,3,3,2,4,1,8,7,3,1,1,1,1,1,4,2,3,2,9,2,9,2,3,1,3,1,3,3,7,4,6,1,1,1,-1,1,1,2,5,3,-1,5,9,6,6,2,7,1,2,5,1,3,1,3,-1,2,2,9,1,6,8,12,858,9,11,24.335159748807897,4,5,10
1000011,2023-02-09 12:25:00,71,22,80,66,67,23,63,73,39,55,34,33,15,25,1,43,40,18,56,70,5,2,0,2,3,2,5,2,1,4,1,3,6,5,4,3,2,3,1,2,4,3,5,2,2,2,1,2,1,4,3,2,6,4,2,3,6,4,5,4,1,3,3,4,2,3,3,9,1,2,2,4,2,3,6,3,0,5,1,2,5,2,2,3,2,2,3,3,3,6,3,2,4,3,5,1,0,4,3,4,1,5,-1,7,4,5,1,2,5,1,10,2,2,3,1,3,5,8,8,2,1,5,6,4,4,3,5,1,9,1,4,1,2,2,2,2,5,1,4,3,10,3,10,3,4,1,1,1,4,4,8,5,1,1,2,2,-1,2,2,3,6,4,1,6,10,7,7,1,1,1,3,6,2,4,2,4,-1,1,3,1,0,5,12,8,894,10,10,23.040239399341043,5,6,10
1000012,2023-02-09 12:30:00,60,21,69,70,25,49,37,68,79,51,20,14,67,23,62,5,31,18,33,17,5,2,0,2,4,2,5,2,1,4,1,3,6,6,4,3,3,4,1,3,5,3,6,2,3,2,1,2,1,4,4,2,7,4,2,3,7,4,5,4,1,3,3,4,2,3,3,9,2,2,3,4,2,3,6,3,0,5,1,3,5,3,2,3,2,2,4,4,4,7,3,2,4,3,5,1,0,4,4,4,1,6,-1,8,5,6,2,3,6,2,11,3,3,4,1,4,6,1,9,3,2,1,1,5,1,4,6,2,10,2,5,2,1,1,3,3,6,2,1,1,11,4,1,4,5,2,2,2,5,5,9,6,2,2,1,1,-1,3,3,4,7,5,1,7,11,1,1,2,2,1,1,7,1,5,3,5,-1,2,4,1,0,6,13,7,819,11,9,23.13683552032855,5,5,9
1000013,2023-02-09 12:35:00,8,58,73,27,48,55,30,53,61,22,25,67,76,37,63,18,71,80,26,2,5,3,0,2,4,2,5,3,1,4,1,3,6,6,4,3,3,5,1,3,5,4,6,2,4,3,2,2,1,5,4,2,7,4,2,3,8,4,5,4,1,3,3,4,2,3,3,10,2,2,3,4,3,3,7,3,0,6,1,3,6,3,3,3,2,2,5,4,4,7,4,2,5,3,5,2,0,4,4,5,2,7,-1,9,1,7,3,4,7,3,12,4,4,1,2,5,1,1,10,1,1,2,1,6,1,5,7,3,11,3,1,3,1,2,4,4,1,3,2,2,12,5,2,5,6,3,3,3,1,6,1,7,3,3,2,2,-1,4,4,1,8,1,2,8,12,2,1,1,1,1,2,8,2,6,4,6,-1,3,1,2,0,4,10,10,900,9,11,23.9539030991655,3,2,8
1000014,2023-02-09 12:40:00,70,52,17,66,43,60,42,31,71,80,25,46,64,75,41,68,38,69,55,63,5,3,0,2,4,2,5,3,1,4,1,3,6,6,4,3,4,5,1,3,5,4,6,2,5,3,2,2,1,5,5,2,7,4,2,3,8,5,5,4,2,4,4,4,2,4,3,10,2,2,3,5,3,3,8,3,0,6,1,4,6,3,4,4,2,3,5,5,5,8,5,2,5,3,6,2,0,4,4,6,3,1,-1,10,2,8,4,1,8,4,13,5,5,2,3,6,2,1,11,2,2,1,2,7,1,1,1,4,12,1,2,4,2,3,5,5,1,4,3,3,13,6,3,6,7,4,4,1,2,7,2,8,1,4,1,3,-1,1,5,2,1,2,1,9,13,3,1,2,2,2,1,9,1,7,5,1,-1,4,2,1,0,5,10,10,1076,4,16,17.683176661508117,7,6,10
1000015,2023-02-09 12:45:00,43,39,24,53,34,51,22,41,60,11,73,77,48,16,1,69,31,9,62,38,6,3,0,2,4,2,5,3,2,4,2,3,6,6,4,4,4,5,1,3,5,5,6,3,5,3,2,2,1,5,6,2,7,5,2,3,8,6,6,4,3,4,5,4,2,4,3,11,2,2,4,5,4,3,8,3,0,6,1,5,6,4,4,4,2,3,5,5,6,8,5,2,6,3,6,2,1,4,4,6,4,2,-1,11,3,9,5,2,9,5,14,6,6,3,4,7,1,2,12,3,3,2,3,8,1,2,2,5,13,2,1,5,3,4,6,6,2,1,4,4,1,1,1,7,8,1,5,2,3,8,3,1,2,5,1,4,-1,2,6,1,2,3,1,1,14,1,2,1,1,1,1,10,2,8,1,2,-1,5,3,1,0,6,12,8,802,10,10,21.942268749943267,4,1,9
1000016,2023-02-09 12:50:00,69,36,62,17,7,29,18,79,60,73,27,20,52,21,2,8,70,35,11,64,6,4,0,2,4,2,6,4,2,4,3,3,6,6,4,4,5,6,1,4,6,5,6,3,5,3,3,2,2,5,6,2,7,5,3,4,8,6,6,4,3,4,5,4,2,4,3,11,2,2,4,6,4,3,8,3,0,6,1,6,6,5,4,5,2,3,5,5,7,9,5,2,7,3,6,2,1,4,5,6,1,3,-1,12,4,10,6,3,1,6,1,7,7,4,5,1,2,3,13,4,4,1,4,1,2,3,3,6,14,3,1,6,4,1,7,7,3,1,1,5,1,2,1,8,9,2,6,1,4,9,1,2,1,6,2,5,-1,3,7,1,3,1,2,2,15,2,3,2,1,2,2,11,1,9,2,3,1,6,4,2,1,5,10,10,760,12,8,25.523982530367913,4,5,10
1000017,2023-02-09 12:55:00,63,60,68,36,6,66,73,29,55,70,27,30,25,75,52,37,61,41,59,40,6,4,0,2,4,3,6,4,2,4,3,3,6,6,4,4,5,6,1,4,6,5,6,3,6,3,4,2,3,6,6,2,7,5,3,5,9,6,6,5,4,4,5,4,2,4,3,11,2,2,4,7,4,3,9,3,0,6,2,7,7,5,5,5,2,4,5,6,7,10,5,2,8,3,7,2,1,4,5,6,2,1,-1,13,5,11,1,1,2,7,1,8,8,5,6,2,1,1,14,1,1,2,5,2,3,4,1,7,1,4,2,7,5,2,1,1,4,2,2,6,2,3,2,9,10,3,7,2,5,10,2,1,2,7,3,6,-1,4,8,1,4,1,3,1,16,3,4,3,1,1,3,12,1,10,3,4,2,7,1,3,0,7,11,9,973,8,12,19.296236338781334,6,5,9
1000018,2023-02-09 13:00:00,77,80,43,17,8,11,56,26,27,60,59,30,76,73,69,38,52,25,61,2,6,5,0,2,4,3,6,5,2,4,4,3,6,6,4,4,6,6,1,4,6,5,6,3,7,4,5,2,3,7,6,2,7,5,3,5,9,7,6,5,4,4,6,4,2,4,3,11,2,2,4,8,4,3,9,4,0,6,3,8,8,5,5,5,2,4,5,6,8,10,5,2,9,3,7,3,2,4,5,7,3,2,-1,14,6,1,2,2,3,8,2,9,9,6,7,3,2,2,15,2,2,3,6,3,1,5,1,8,1,1,3,8,6,3,2,1,1,3,3,1,1,4,3,10,11,4,8,3,6,11,3,1,3,8,1,7,-1,5,1,1,1,2,1,2,17,1,5,1,2,1,4,13,1,11,1,5,3,8,2,4,0,8,10,10,890,9,11,25.060978264603865,3,5,9
1000019,2023-02-09 13:05:00,47,25,79,77,10,20,75,24,68,15,59,80,38,55,23,7,50,58,29,14,6,5,0,2,4,3,7,5,2,5,4,3,6,7,5,4,6,6,1,5,6,5,7,4,8,4,5,2,4,7,6,2,7,5,3,5,9,8,6,5,4,4,6,4,2,4,4,11,2,3,4,8,4,3,10,4,0,7,4,8,8,5,5,5,2,4,5,7,8,10,5,2,9,3,8,3,3,4,6,8,4,1,-1,15,7,2,3,1,4,9,1,10,10,7,8,4,1,3,16,3,3,4,7,4,1,1,1,9,2,1,4,9,7,4,3,2,2,1,4,2,2,5,1,11,12,5,9,4,7,12,4,1,4,9,2,1,-1,6,1,1,1,3,2,3,18,2,6,2,1,2,5,14,1,12,2,1,1,9,3,1,1,5,11,9,853,10,10,25.133904549328122,5,5,7
1000020,2023-02-09 13:10:00,29,1,38,42,9,62,57,12,58,37,17,27,67,61,39,77,18,69,22,45,7,5,0,2,4,3,7,5,3,5,4,4,6,7,5,4,7,7,1,5,6,6,7,4,8,4,6,2,5,7,6,2,7,5,3,5,10,9,7,5,4,5,6,4,3,4,4,11,2,3,4,8,4,3,10,4,1,8,4,8,9,6,5,5,2,4,6,7,9,10,5,2,9,3,8,3,4,4,6,8,5,2,-1,16,8,3,1,2,5,1,2,11,11,1,1,5,2,4,17,1,4,5,1,1,1,2,2,10,1,2,5,10,8,5,4,3,3,1,5,3,3,6,2,12,13,6,1,5,8,1,5,2,5,10,1,2,-1,1,1,2,2,4,3,4,19,3,7,1,2,3,6,15,2,13,1,2,1,10,1,1,0,4,13,7,787,11,9,22.248063191870738,1,5,6
1000021,2023-02-09 13:15:00,57,52,13,42,47,70,16,4,78,9,68,36,74,45,34,55,24,7,71,15,7,5,0,3,4,3,8,5,4,5,4,4,7,7,6,5,7,7,1,5,6,6,7,5,8,4,6,2,5,7,6,2,7,6,3,6,10,9,7,5,4,6,6,4,4,4,5,11,2,3,4,9,4,3,11,4,2,8,4,8,9,6,5,5,2,4,6,8,9,11,6,2,9,4,8,3,4,5,6,8,1,3,-1,17,9,4,2,3,1,2,3,1,12,2,2,6,1,1,18,2,5,1,2,2,2,3,1,11,1,3,6,11,9,6,5,4,1,1,1,4,4,1,3,13,1,7,2,6,9,2,6,3,6,11,2,3,1,1,2,3,1,1,4,5,20,4,1,2,1,4,7,16,3,14,2,3,1,11,2,2,1,4,9,11,817,9,11,24.656108456334433,5,2,10
1000022,2023-02-09 13:20:00,56,2,51,39,5,45,1,41,35,47,30,13,63,21,28,3,16,65,52,14,8,6,1,3,5,3,8,5,4,5,4,4,8,8,6,6,7,7,1,5,7,6,7,5,8,4,6,3,5,8,6,2,7,6,4,6,10,9,8,5,5,6,6,4,5,4,6,11,2,3,5,10,4,3,11,5,2,8,4,8,9,6,6,5,3,4,6,8,9,11,6,2,9,4,8,3,4,5,6,8,2,4,-1,1,10,5,1,4,1,3,4,2,1,3,1,1,2,2,19,3,6,2,3,1,3,4,2,12,2,4,7,12,10,1,6,1,2,2,2,5,5,1,4,14,1,8,1,7,10,3,7,1,7,12,1,4,1,2,3,4,2,2,5,6,21,5,2,1,2,1,1,17,4,1,3,4,2,1,3,3,0,5,13,7,627,12,8,21.057002835661407,0,4,10
1000023,2023-02-09 13:25:00,28,64,18,16,6,11,70,56,36,65,1,23,68,14,21,50,57,42,75,10,9,6,1,3,5,4,8,5,4,6,5,4,8,9,6,7,7,8,1,5,8,6,8,5,8,4,6,4,5,8,6,2,7,6,4,7,10,9,8,5,5,7,6,4,5,4,6,11,2,4,5,10,4,3,11,6,3,8,4,8,9,6,6,6,4,4,6,9,9,12,6,2,9,4,9,3,4,5,6,8,1,1,1,2,1,6,2,5,2,4,5,3,1,1,2,1,3,3,20,4,1,3,4,2,4,5,3,1,3,1,8,13,11,2,1,2,3,3,1,6,1,2,5,15,1,9,1,8,11,4,1,1,8,13,2,1,2,3,4,5,3,3,1,7,1,6,3,2,3,2,2,18,5,2,4,5,3,2,4,4,0,7,7,13,731,11,9,24.585993016991992,3,3,9
1000024,2023-02-09 13:30:00,6,15,8,45,41,62,57,20,16,56,50,26,52,63,79,59,60,9,54,69,9,6,1,3,5,5,8,6,5,6,5,4,8,9,7,8,7,8,1,6,8,6,8,5,8,5,6,4,5,8,6,2,7,6,4,7,10,9,8,5,6,7,6,4,6,4,6,11,2,5,5,11,4,4,11,7,4,8,5,9,9,7,7,6,4,4,6,9,10,12,6,2,9,4,9,3,4,5,7,8,1,2,2,3,2,1,3,6,3,1,1,4,2,1,3,1,4,1,21,5,1,4,1,3,5,6,4,1,4,2,9,14,12,3,2,1,4,4,2,7,2,1,6,16,2,10,2,9,12,1,2,2,9,14,3,1,1,4,5,6,4,4,2,1,1,7,4,1,4,1,3,19,6,3,1,6,4,3,5,5,0,5,9,11,847,7,13,22.91236163710484,1,5,10
1000025,2023-02-09 13:35:00,36,79,13,69,59,57,33,53,30,21,51,20,56,45,74,12,52,35,50,55,9,6,1,3,5,5,8,6,5,6,5,5,9,9,7,8,7,8,1,7,9,6,8,5,8,5,6,4,5,9,6,2,8,6,5,8,10,9,8,5,6,7,6,4,7,4,6,11,2,6,6,12,5,4,12,8,5,8,6,9,9,7,7,6,4,4,6,9,11,12,6,2,9,5,9,3,4,5,8,8,2,3,3,4,3,1,4,1,1,2,2,5,3,2,1,1,5,2,22,1,2,5,2,4,6,1,5,2,5,3,10,15,13,4,3,2,5,5,3,8,1,2,7,17,1,11,3,10,13,1,3,1,10,1,4,1,1,5,1,1,5,1,1,2,2,8,5,2,1,2,4,20,7,4,2,7,5,4,1,6,0,9,12,8,900,8,12,19.4286819988008,2,8,9
1000026,2023-02-09 13:40:00,21,38,61,65,53,18,46,3,7,42,68,74,25,64,2,70,28,20,34,41,9,7,2,3,5,5,9,6,5,6,5,5,9,9,7,8,7,9,1,8,10,6,8,5,9,5,6,5,5,9,6,2,8,7,5,8,10,10,8,5,7,8,6,4,7,5,6,11,2,6,6,12,6,4,12,8,5,8,6,9,10,7,7,7,5,4,6,10,11,13,6,2,9,6,9,3,4,5,8,8,3,4,4,5,4,2,5,2,2,3,3,1,1,3,2,2,6,3,23,1,1,6,3,5,7,2,6,3,6,1,11,16,1,5,1,1,6,6,4,9,2,3,8,18,1,12,4,11,14,1,1,1,1,2,1,1,1,6,1,2,6,2,2,3,3,9,6,3,1,3,5,21,8,1,3,8,6,5,1,7,1,4,8,12,780,10,10,23.201633336333977,5,4,9
1000027,2023-02-09 13:45:00,12,39,65,33,22,64,69,43,77,32,47,21,78,75,42,3,13,2,48,17,9,8,3,3,5,5,9,6,5,6,5,6,10,9,7,8,8,9,1,8,11,7,8,5,9,5,6,5,5,9,6,3,9,7,5,8,10,10,9,5,7,9,7,4,7,5,7,12,2,6,6,12,6,4,12,8,5,8,6,9,10,7,7,8,6,4,6,10,12,13,6,2,9,6,10,3,5,6,8,8,4,1,1,6,5,3,1,3,3,4,4,2,2,4,3,3,7,1,24,1,1,7,4,6,1,3,7,1,7,2,12,17,2,1,2,2,7,1,5,10,1,1,9,19,2,1,5,12,15,2,2,2,1,3,2,2,2,7,2,3,1,3,3,1,1,10,7,1,2,1,6,22,9,1,4,9,7,6,2,8,0,6,12,8,802,10,10,24.983994876720576,2,8,8
1000028,2023-02-09 13:50:00,75,52,55,6,61,16,69,41,15,66,40,54,80,51,30,20,70,46,32,19,9,8,3,3,5,6,9,6,5,6,5,6,10,9,8,9,8,9,2,9,11,7,8,5,9,5,6,5,5,10,6,4,9,7,5,8,10,10,9,6,8,9,7,4,7,6,7,12,2,6,7,13,6,5,13,8,5,8,6,9,11,7,7,8,6,5,6,10,13,14,6,2,9,6,11,3,5,6,8,9,5,1,1,7,6,4,2,4,4,5,5,1,1,5,4,4,1,2,25,2,1,1,5,7,2,4,8,2,8,3,13,1,1,2,3,3,8,2,1,11,2,1,1,20,3,2,1,1,16,3,3,3,2,4,3,3,3,8,3,4,2,4,4,1,1,11,8,2,1,2,7,23,10,2,1,10,1,1,3,9,0,3,8,12,898,8,12,22.109535927906048,4,6,7
1000029,2023-02-09 13:55:00,17,8,13,45,4,1,42,15,78,73,67,29,44,79,68,35,49,80,53,57,10,8,3,4,5,6,9,7,5,6,5,6,11,9,9,9,9,9,2,9,11,7,8,5,9,5,6,5,6,10,6,4,9,7,6,8,10,10,9,6,8,10,7,5,8,6,7,12,3,6,7,13,7,5,13,8,6,8,6,9,11,7,7,8,6,5,7,11,13,14,6,2,10,6,11,3,5,7,9,10,6,2,2,8,7,1,3,5,5,6,6,2,2,6,1,1,2,3,1,1,2,2,6,8,3,5,9,3,9,1,14,1,2,3,4,4,9,3,2,1,1,2,2,21,4,1,2,2,17,4,1,1,3,1,1,4,4,9,4,5,1,5,5,2,2,1,9,3,1,1,8,24,11,3,1,11,2,2,4,1,0,2,13,7,857,8,12,26.614746604882512,2,4,9
1000030,2023-02-09 14:00:00,22,58,5,44,66,61,16,60,37,20,55,79,25,68,29,27,70,41,63,54,10,8,3,4,6,6,9,7,5,6,5,6,11,9,9,10,9,9,2,10,11,8,8,5,10,5,7,5,7,10,6,4,9,7,6,8,11,10,9,6,9,10,7,6,8,6,7,12,3,6,7,13,7,6,14,8,6,9,6,10,12,7,8,8,6,6,7,12,13,15,6,2,10,6,11,3,5,7,10,10,1,3,3,1,8,2,4,1,6,7,7,3,1,7,1,2,1,4,2,2,3,3,7,9,4,6,10,4,1,2,15,2,3,4,1,5,10,4,3,2,2,1,3,1,1,2,3,3,1,5,2,2,1,2,2,5,1,10,5,6,2,6,6,3,3,2,1,1,2,2,9,25,1,4,2,12,3,1,1,1,0,4,10,10,900,8,12,21.228084674491207,4,2,10
1000031,2023-02-09 14:05:00,32,59,50,38,37,25,73,51,76,44,16,34,63,68,43,42,60,72,46,80,10,8,3,4,6,6,9,7,5,6,5,6,11,9,9,11,9,9,2,10,11,8,8,5,11,5,7,5,7,10,6,5,9,8,6,8,12,11,9,6,9,11,8,7,8,7,7,12,3,7,8,13,7,6,14,8,6,9,7,11,12,7,9,8,6,6,7,13,13,15,6,3,11,6,11,4,5,7,10,11,2,4,4,2,1,3,5,2,7,8,8,4,2,8,2,1,2,5,3,1,4,1,8,10,1,7,1,5,1,3,16,3,4,5,2,6,1,5,4,3,1,2,4,1,2,3,4,4,2,6,3,3,2,1,1,6,2,1,6,1,1,7,1,4,4,1,2,1,3,1,10,26,2,5,3,13,4,2,1,2,0,7,7,13,1009,6,14,17.91639942681153,4,6,10
1000032,2023-02-09 14:10:00,34,55,25,42,53,43,2,58,79,1,59,73,56,27,72,31,33,9,15,29,11,9,3,4,6,6,9,7,6,6,5,6,11,9,10,11,9,9,2,10,11,8,8,5,12,5,8,5,8,10,7,5,10,9,6,8,12,11,9,6,9,12,9,7,8,7,7,12,3,7,8,13,8,6,15,9,6,10,8,11,12,7,9,8,6,6,7,13,13,15,6,4,12,6,11,4,5,7,11,11,3,5,5,3,2,4,6,3,8,9,9,5,3,9,3,1,3,6,4,2,5,2,9,11,1,8,2,6,2,4,17,1,5,1,3,7,1,1,5,4,2,1,1,1,3,1,5,5,3,1,1,4,3,2,2,7,3,2,1,1,2,8,1,5,5,2,3,1,4,2,11,1,1,6,4,1,5,3,2,1,0,7,14,6,796,10,10,23.184840782400535,5,6,9
1000033,2023-02-09 14:15:00,24,61,56,35,50,78,37,53,1,45,57,4,26,67,34,15,33,6,74,28,12,9,3,5,6,7,9,7,6,6,5,6,11,9,11,11,9,9,2,10,11,8,8,6,12,6,8,6,8,10,7,5,11,10,7,8,13,11,9,6,9,12,9,7,9,7,7,12,3,8,8,13,9,6,15,10,7,10,8,11,13,7,9,8,6,6,8,13,13,15,6,4,12,7,11,4,5,8,11,11,1,1,6,4,3,5,7,4,1,10,10,6,4,10,1,2,4,7,5,3,6,3,10,12,1,9,1,7,1,5,1,2,1,1,4,8,2,2,6,5,3,1,1,2,4,2,6,6,4,2,2,5,1,3,1,1,4,1,1,2,3,9,2,6,6,3,4,2,5,3,12,1,1,7,5,2,6,4,1,2,0,6,10,10,784,11,9,22.83718113308346,1,3,8
1000034,2023-02-09 14:20:00,46,63,28,47,77,21,68,78,64,26,32,76,2,22,36,72,80,19,10,60,12,10,3,5,6,7,9,7,6,7,5,6,11,9,11,11,9,9,3,10,12,9,8,6,12,7,8,7,8,10,7,6,11,10,7,9,13,11,9,6,9,12,9,7,9,8,8,12,3,8,8,13,9,6,15,10,7,10,8,12,13,7,10,9,6,6,8,14,13,15,6,5,12,7,11,5,6,9,11,12,1,2,7,1,4,1,8,5,2,11,11,7,5,11,1,3,5,8,6,4,7,4,11,1,2,1,2,1,2,6,2,3,1,1,1,9,1,3,7,6,4,2,2,3,1,3,7,7,5,1,3,6,1,4,2,1,1,2,2,3,1,10,3,7,7,4,1,3,6,4,13,2,2,1,6,3,7,1,2,3,0,3,5,15,927,9,11,25.329980156661044,1,5,9
1000035,2023-02-09 14:25:00,60,11,64,24,15,54,8,23,67,42,77,63,74,61,76,1,66,37,44,39,13,10,3,5,6,7,9,8,6,7,6,6,11,9,12,11,9,9,3,10,12,9,9,7,12,7,8,7,8,10,7,6,11,10,7,9,14,11,10,6,9,13,9,8,9,8,8,12,3,8,8,13,9,7,15,10,7,10,8,13,14,7,11,10,6,7,9,14,13,15,6,5,12,8,11,6,7,9,11,12,2,1,8,2,5,2,9,6,3,1,12,8,6,12,2,4,6,9,1,5,1,1,12,2,3,1,3,1,3,7,3,1,2,2,2,1,2,4,8,7,5,3,3,4,2,1,1,8,6,2,4,7,2,5,3,2,2,3,3,1,2,11,1,1,8,5,2,1,7,5,14,1,3,2,7,1,1,1,3,1,0,5,10,10,906,8,12,24.486516160618084,0,5,10
1000036,2023-02-09 14:30:00,3,9,4,51,25,74,77,17,49,40,65,31,79,33,68,15,80,61,6,70,13,10,4,6,6,8,9,8,7,7,6,6,11,9,13,11,10,9,3,10,12,9,9,7,13,7,8,7,8,10,8,6,12,10,7,9,14,11,10,7,9,13,9,8,9,8,8,12,4,8,9,13,9,7,15,10,7,10,8,13,15,7,11,10,7,7,9,15,13,16,6,5,12,9,11,6,8,9,12,13,1,2,9,3,6,3,10,1,4,2,1,9,7,13,1,5,7,10,2,6,2,2,1,1,4,2,4,2,4,8,4,2,3,3,3,2,1,5,1,8,6,1,4,1,3,2,2,9,7,3,5,8,3,1,4,3,3,4,4,1,1,12,1,1,9,1,1,2,8,6,15,2,4,1,8,1,1,2,4,2,0,4,13,7,857,10,10,27.840286976742323,4,2,9
1000037,2023-02-09 14:35:00,37,16,63,77,1,7,56,20,25,78,41,57,43,27,67,32,42,80,2,47,14,11,4,6,6,8,10,8,7,7,6,6,11,9,13,12,10,9,3,11,12,9,9,7,14,7,9,7,8,10,8,7,12,10,7,9,15,11,10,7,10,14,10,8,9,8,9,12,4,8,9,13,9,7,15,11,8,10,8,13,15,7,12,10,7,7,10,15,13,16,6,5,12,9,11,6,9,10,12,14,2,3,1,1,7,1,11,2,1,3,2,10,8,14,1,6,1,11,3,7,3,3,2,2,1,3,5,3,5,9,1,3,1,4,4,3,2,6,2,1,7,2,5,2,4,3,3,10,1,4,1,9,4,2,5,4,4,5,5,2,1,13,2,2,1,2,2,1,9,1,16,3,5,1,9,2,1,3,1,1,1,3,12,8,818,9,11,24.87844131181178,2,5,8
1000038,2023-02-09 14:40:00,50,70,53,28,36,30,64,47,72,71,17,55,11,35,39,68,67,34,32,76,14,11,4,6,6,8,10,8,7,7,7,6,11,9,13,12,11,9,3,11,12,9,9,7,14,7,9,8,8,11,8,8,12,11,8,10,15,11,11,7,10,14,10,8,9,8,10,12,4,9,9,13,10,7,16,11,8,10,8,13,15,7,12,11,7,7,11,16,13,17,7,6,12,9,11,7,9,10,12,14,1,1,2,2,8,2,1,3,2,4,3,11,9,15,2,1,2,12,4,1,4,4,3,3,1,4,1,4,6,10,2,1,2,5,5,4,1,7,3,2,1,1,1,3,5,4,1,11,2,5,2,10,5,3,6,1,1,6,6,3,2,14,1,3,2,3,1,2,10,2,17,4,6,2,10,3,1,1,2,1,0,3,9,11,955,9,11,19.692036862383578,4,5,10
1000039,2023-02-09 14:45:00,65,30,23,46,37,32,43,3,75,17,77,44,14,55,12,47,7,20,67,64,14,11,5,6,6,8,11,8,7,7,7,7,11,10,13,12,12,9,3,12,12,9,10,7,14,7,9,8,8,12,8,9,12,11,8,10,16,11,11,7,10,14,11,9,9,9,11,12,4,9,9,13,10,7,17,11,8,10,8,13,15,7,12,12,8,7,12,16,13,17,7,6,12,9,12,7,10,10,12,14,2,2,3,3,9,3,2,4,3,5,1,12,10,16,3,2,1,13,5,2,5,5,4,4,2,5,2,1,7,1,3,1,3,1,1,1,2,8,1,3,2,2,2,4,6,5,1,12,3,1,3,11,1,4,1,2,2,7,7,4,3,15,2,1,3,4,1,1,11,1,1,1,7,3,11,1,2,2,3,2,1,7,12,8,778,10,10,23.105934530468915,3,3,7
1000040,2023-02-09 14:50:00,43,6,71,54,1,21,11,63,38,41,65,28,79,8,53,36,18,25,12,4,15,11,5,7,6,9,11,9,7,7,8,8,11,10,13,12,12,10,3,12,13,9,10,7,15,7,9,9,8,12,8,9,12,11,8,11,16,12,11,7,11,14,12,9,9,9,11,12,4,9,9,13,11,8,17,11,8,10,8,13,15,7,13,12,9,7,12,16,13,17,8,6,12,9,12,7,10,10,13,14,3,3,1,4,10,4,1,5,4,6,2,1,11,1,4,3,1,14,6,1,6,6,1,5,3,6,3,2,8,1,4,1,4,2,2,2,1,9,2,4,3,3,1,1,7,1,1,13,4,2,4,12,2,5,1,3,3,8,8,5,4,16,3,1,1,5,1,2,12,2,2,2,8,4,1,2,1,3,4,3,0,3,11,9,677,12,8,24.18193105344741,1,2,8
1000041,2023-02-09 14:55:00,49,14,42,26,2,67,15,13,24,25,27,78,39,75,34,47,53,23,22,54,15,12,5,7,6,9,11,9,7,7,8,8,12,11,14,12,12,10,3,12,13,10,11,8,16,8,10,9,8,12,8,9,12,12,8,11,16,12,12,7,11,15,12,9,9,9,12,12,5,9,9,13,12,9,17,11,8,10,8,13,15,7,13,12,9,7,13,16,13,17,8,6,12,9,13,7,10,11,13,14,1,4,2,1,11,1,2,1,5,7,1,1,12,2,5,4,2,1,7,2,1,7,2,6,1,7,4,1,9,2,5,2,5,3,3,1,2,1,3,5,1,4,1,2,8,2,2,14,5,3,5,13,1,1,2,4,4,9,9,6,5,17,1,2,1,6,2,3,13,3,1,3,9,5,2,3,2,4,1,4,0,3,11,9,729,12,8,21.293623953020106,3,8,8
1000042,2023-02-09 15:00:00,49,9,57,12,16,21,48,28,58,36,7,60,25,38,79,47,68,26,23,2,15,13,5,7,6,9,12,9,8,7,8,9,12,11,14,13,12,10,3,12,14,10,12,8,17,9,10,10,8,12,8,9,12,12,8,12,16,13,12,7,11,15,12,9,9,9,13,13,6,9,9,13,12,9,17,11,9,11,8,14,15,7,13,12,9,7,13,17,13,17,8,6,12,9,13,7,10,11,14,14,2,1,3,2,12,2,3,2,6,8,2,2,1,1,1,5,3,2,8,3,2,1,1,1,1,1,1,2,10,3,6,3,6,1,4,2,3,2,1,6,2,1,2,3,9,3,1,15,1,4,6,14,1,1,3,5,5,10,10,7,6,18,2,3,2,7,1,4,14,4,2,4,10,6,1,4,3,1,2,5,1,6,9,11,709,12,8,21.98917197646438,3,4,9
1000043,2023-02-09 15:05:00,46,69,19,42,53,16,79,10,12,63,52,4,6,57,26,39,48,31,78,34,15,13,5,8,6,10,12,9,8,8,8,10,12,11,14,14,12,10,4,12,14,10,12,8,17,10,10,10,8,12,9,9,12,13,8,12,16,13,13,7,11,16,12,9,9,10,13,14,6,9,9,14,13,9,17,11,10,11,8,14,15,7,14,12,9,7,13,17,14,17,8,6,12,9,13,7,10,12,15,14,3,1,4,3,13,3,1,3,1,9,3,1,2,2,2,1,4,3,9,4,1,2,1,2,1,1,2,1,11,4,7,4,7,2,5,1,4,1,2,7,3,2,3,4,10,4,1,1,1,5,7,15,2,2,4,6,1,1,11,1,7,19,3,4,3,8,2,1,15,5,3,5,11,7,2,5,4,2,1,6,0,6,8,12,784,10,10,23.50274340089729,3,2,9
1000044,2023-02-09 15:10:00,11,21,36,60,47,68,55,73,42,40,46,33,78,62,69,25,70,10,51,48,15,13,5,8,6,10,12,9,8,9,9,10,12,11,14,14,12,10,4,12,15,10,12,8,18,10,10,10,8,12,9,9,13,13,8,13,16,13,13,8,11,17,12,9,9,11,14,15,6,9,10,14,13,9,18,11,10,11,8,15,15,8,14,12,9,7,13,18,15,18,8,6,13,9,13,7,10,13,15,14,4,2,5,1,14,1,2,4,2,1,4,1,3,3,3,1,5,4,1,5,2,3,2,3,2,1,3,2,12,5,1,5,8,1,6,2,5,2,1,8,4,1,4,5,11,1,2,1,2,6,8,1,1,3,5,7,1,2,12,2,8,20,1,5,4,9,3,2,1,6,4,6,12,8,3,6,5,1,1,7,0,6,9,11,945,7,13,20.237731826311077,6,5,9
1000045,2023-02-09 15:15:00,64,63,6,8,12,48,74,18,33,25,57,1,71,17,35,21,55,75,29,20,16,13,5,8,6,11,12,10,8,9,9,11,12,11,14,14,13,11,4,13,16,10,12,8,19,10,10,10,9,12,9,9,14,13,9,13,16,13,13,8,11,17,12,9,9,11,14,16,6,9,10,14,13,9,19,11,11,11,8,15,15,8,15,13,9,7,13,18,15,18,9,6,13,10,14,7,10,13,15,14,5,3,6,2,15,2,3,5,3,1,1,2,4,4,4,2,6,5,2,6,1,4,3,4,1,2,4,3,13,6,2,6,1,2,7,1,6,3,2,1,5,1,5,6,12,1,1,1,3,7,1,2,2,4,1,8,2,3,13,1,9,1,2,6,5,10,4,1,1,1,5,7,1,9,4,7,6,1,2,8,0,5,12,8,732,12,8,24.572984738272403,3,4,10
1000046,2023-02-09 15:20:00,2,44,45,37,65,68,42,12,58,7,36,74,72,32,50,19,5,62,25,60,16,14,5,8,7,11,13,10,8,9,9,12,12,11,14,14,13,11,5,13,16,10,12,8,20,10,10,10,9,12,9,10,14,13,9,14,17,13,13,8,11,18,12,10,10,11,14,16,6,10,10,14,13,9,19,11,11,12,8,16,15,9,15,13,10,7,13,19,15,18,9,7,13,11,14,7,10,13,15,14,1,4,7,3,16,1,4,1,4,2,2,1,5,5,5,3,1,1,3,1,1,5,4,5,1,3,5,4,1,7,3,7,1,3,1,2,7,4,3,2,6,2,6,7,13,2,2,1,4,8,2,3,3,5,1,9,1,4,14,2,10,2,1,1,6,11,5,2,2,2,1,8,2,1,1,8,7,2,3,9,1,3,7,13,815,9,11,23.201349779246623,3,2,8
1000047,2023-02-09 15:25:00,21,33,38,40,23,70,78,63,45,49,2,30,22,76,1,14,69,74,59,32,17,15,5,8,7,11,13,10,8,9,9,12,12,12,14,14,13,11,5,13,17,11,13,8,20,10,10,10,9,13,9,11,15,13,9,14,17,14,13,9,11,18,12,10,11,11,14,16,7,10,10,14,13,9,19,11,11,12,9,16,15,9,16,13,10,7,13,19,16,19,9,7,13,12,14,8,10,14,15,14,2,1,8,4,1,2,1,2,5,3,3,1,6,6,6,4,2,2,1,2,2,6,5,6,1,4,6,5,2,8,4,1,2,4,2,1,1,5,4,3,7,1,7,1,1,3,3,2,5,1,3,4,4,6,2,10,2,1,15,1,11,1,2,2,1,12,6,1,3,3,2,1,3,1,2,9,8,3,4,10,0,4,9,11,839,11,9,24.483023119145876,2,5,9
1000048,2023-02-09 15:30:00,32,26,72,9,28,73,21,63,58,68,22,12,16,11,7,13,35,29,66,39,17,15,5,8,7,11,14,10,9,9,10,13,13,12,14,15,13,11,5,13,18,12,13,8,20,11,10,11,10,13,9,12,15,13,10,14,17,14,14,9,11,18,12,10,11,11,14,16,7,10,10,14,13,9,19,11,11,13,9,16,15,9,17,13,10,8,13,20,16,19,9,8,14,12,14,8,10,14,15,14,1,1,9,5,2,3,2,3,6,4,4,2,7,1,7,5,3,3,2,3,1,1,1,7,2,5,7,6,3,1,5,1,1,5,3,2,2,1,5,1,8,2,8,2,1,4,4,3,1,2,4,5,5,7,3,11,3,2,1,2,12,2,1,3,2,13,7,2,1,1,3,2,4,1,3,1,9,1,5,11,1,4,10,10,700,14,6,23.10388438518966,3,5,8
1000049,2023-02-09 15:35:00,57,26,44,3,76,39,31,11,36,38,32,41,2,7,68,70,59,45,52,9,17,16,6,8,7,11,15,10,10,9,11,13,13,12,14,15,13,11,5,13,18,12,13,8,20,12,10,11,10,13,10,13,15,13,10,15,17,15,15,9,12,18,12,11,12,11,14,16,7,10,10,15,13,9,19,11,12,13,10,16,15,9,17,13,10,8,13,21,16,20,9,8,14,12,14,9,10,14,15,14,2,2,10,6,3,4,1,4,1,5,1,1,1,2,8,1,4,4,3,4,1,1,2,8,3,1,8,1,1,2,6,1,2,6,1,3,3,2,1,2,9,3,9,3,2,5,5,4,2,3,5,6,6,8,4,12,4,1,2,3,13,3,1,4,3,1,8,1,2,2,4,1,1,2,4,2,10,2,6,12,1,7,10,10,746,11,9,22.636951626651687,4,4,10
1000050,2023-02-09 15:40:00,60,64,57,73,65,33,10,79,56,55,29,71,13,12,11,49,43,14,59,18,17,16,6,8,7,11,15,10,10,10,12,14,14,13,14,15,13,12,5,13,18,12,13,8,20,12,10,11,11,13,10,13,16,13,10,15,17,15,15,9,12,18,13,11,12,11,14,16,8,10,10,15,13,9,20,12,13,13,11,17,15,9,17,14,11,8,13,21,16,20,10,8,15,12,14,9,10,14,16,14,3,1,1,7,4,5,1,5,1,6,1,2,2,3,9,2,5,5,4,5,2,2,3,9,4,1,9,2,2,3,1,1,3,7,2,1,4,1,1,3,1,4,10,1,1,6,6,5,3,4,6,1,7,9,5,13,1,2,1,4,14,4,2,5,4,2,9,1,3,1,5,2,2,3,5,1,11,3,7,13,0,3,13,7,871,8,12,23.75859955114314,2,8,10
1000051,2023-02-09 15:45:00,68,71,59,73,41,64,40,9,70,34,15,38,20,67,25,2,58,16,6,52,17,17,6,8,7,12,15,10,11,10,12,14,14,13,15,16,13,12,5,14,18,12,13,8,21,12,10,11,11,13,10,13,16,14,10,15,17,16,15,10,13,18,13,11,12,11,14,16,8,10,10,16,13,9,20,12,13,14,12,17,15,9,17,15,11,8,14,22,16,21,11,8,16,12,14,9,10,14,16,14,4,2,2,8,5,6,2,6,2,1,1,1,1,1,10,3,6,1,5,6,3,3,4,10,5,2,10,3,1,4,2,2,1,8,3,2,5,2,2,4,2,5,1,2,2,7,7,6,1,5,7,2,8,10,1,1,1,3,1,1,15,5,3,1,1,3,10,2,4,2,1,3,1,4,6,2,12,4,1,14,0,4,8,12,828,10,10,24.340566096431218,5,5,10
1000052,2023-02-09 15:50:00,25,45,74,34,70,2,62,48,11,15,77,35,53,51,14,61,16,59,38,68,17,18,6,8,7,12,15,10,11,10,13,14,14,14,16,17,13,12,5,14,18,12,13,8,22,12,10,11,11,13,10,13,16,15,11,15,17,17,15,10,13,18,13,11,13,11,14,17,8,10,11,16,14,9,20,12,13,14,13,17,16,10,17,15,11,8,14,23,16,22,11,8,16,13,14,9,11,14,16,14,5,1,3,9,6,1,3,7,1,2,2,2,2,2,1,1,7,2,6,1,4,4,5,11,1,3,11,4,2,5,3,3,2,1,4,3,6,1,3,1,1,6,2,3,3,8,8,7,2,6,8,1,9,11,2,2,2,1,1,2,16,6,4,1,2,4,1,1,5,1,1,4,1,5,7,3,13,5,2,15,0,9,10,10,858,9,11,23.121873899655693,4,4,10
1000053,2023-02-09 15:55:00,62,32,34,41,14,57,42,46,48,59,80,65,55,61,10,60,15,78,47,39,17,18,6,8,7,12,15,10,11,11,13,14,14,15,17,17,13,12,5,14,18,12,13,8,22,12,10,11,11,13,10,14,16,16,11,15,17,17,16,10,14,19,13,11,13,12,15,18,8,10,11,16,14,9,21,12,14,14,14,18,17,11,17,15,12,8,14,23,16,22,11,8,16,13,14,9,11,15,16,15,6,1,4,10,7,2,4,8,2,3,1,3,3,1,1,1,8,3,7,2,5,5,6,12,1,4,12,5,3,6,4,4,3,1,1,4,7,1,4,2,2,7,3,4,1,9,9,1,3,7,1,2,1,12,3,3,3,2,1,3,1,1,5,2,3,5,2,1,6,1,2,5,2,1,8,4,1,6,3,16,0,7,9,11,945,6,14,19.566015112138217,2,7,9
1000054,2023-02-09 16:00:00,30,61,52,33,71,45,79,58,78,2,73,34,36,39,68,54,9,41,22,70,17,19,6,8,7,12,15,10,12,11,13,14,14,15,17,17,13,12,5,14,18,13,13,8,22,12,10,11,11,14,10,14,17,17,11,16,17,17,17,10,15,19,13,11,14,12,15,18,8,10,11,17,14,10,21,12,14,15,14,18,18,11,17,15,12,8,14,24,16,23,12,8,17,13,14,9,11,16,17,15,7,2,5,11,8,3,5,9,3,1,2,4,4,1,1,2,9,4,8,3,6,6,7,13,2,5,13,6,4,7,5,1,4,1,2,5,8,2,1,3,1,1,4,5,2,1,1,1,4,8,2,3,2,13,1,4,1,3,1,1,1,1,6,3,1,6,3,2,7,2,3,6,3,2,9,5,2,1,4,1,0,5,9,11,955,8,12,22.43088800832694,4,3,9
1000055,2023-02-09 16:05:00,62,30,9,77,75,64,59,3,48,35,49,31,41,39,58,23,73,37,14,27,17,19,7,8,7,12,15,10,13,11,13,14,14,16,17,17,13,12,5,14,18,13,14,8,22,12,11,11,11,15,11,14,17,17,12,16,18,17,18,10,16,19,13,11,14,12,15,19,9,10,11,17,14,10,21,12,14,16,15,18,18,12,17,16,12,8,14,24,16,23,12,8,18,13,15,9,12,16,17,15,8,1,6,12,9,4,6,10,1,2,3,5,5,2,2,3,10,5,9,4,7,1,8,14,3,6,14,7,5,1,6,2,1,1,3,1,9,3,1,4,1,2,5,6,1,2,2,2,5,9,3,1,3,1,2,5,2,1,2,2,1,2,7,4,2,7,4,1,8,1,1,7,1,3,10,6,3,1,1,2,0,6,14,6,854,10,10,21.894724190279746,3,3,9
1000056,2023-02-09 16:10:00,9,18,7,55,67,68,22,35,49,14,58,71,4,8,53,48,31,54,20,79,17,19,7,9,7,12,16,11,14,11,13,14,14,17,17,17,13,13,5,15,18,14,14,8,22,12,11,11,11,15,12,14,17,17,13,16,18,17,18,10,16,19,13,11,14,12,15,20,10,10,11,17,15,11,22,12,14,17,15,18,18,12,17,16,12,8,15,25,16,23,13,8,18,13,15,9,12,16,18,15,9,2,1,13,10,5,7,11,1,3,4,6,6,1,3,4,11,6,10,5,8,2,1,15,4,7,1,8,6,1,1,3,2,2,1,2,1,4,1,5,1,3,6,7,2,3,3,1,1,10,4,2,4,2,3,6,3,1,1,3,2,1,8,1,3,8,5,2,9,2,2,8,1,4,1,7,1,2,2,3,1,7,10,10,770,10,10,24.461570290000427,4,6,9
1000057,2023-02-09 16:15:00,74,54,71,6,14,75,46,7,73,16,13,76,43,12,2,4,55,10,23,69,17,20,7,10,7,13,17,11,14,12,13,15,15,18,17,18,13,13,5,15,18,14,15,8,22,12,11,11,11,15,12,14,17,17,13,16,18,17,18,10,16,19,14,11,14,13,15,20,10,10,11,17,15,12,23,12,14,17,15,18,18,12,17,16,12,8,15,25,17,23,14,8,19,14,16,10,12,16,18,15,10,3,2,1,11,6,1,1,1,4,5,7,7,1,4,5,12,1,11,1,9,1,2,16,5,8,2,9,7,2,1,4,3,3,1,3,2,5,2,6,2,4,7,8,3,4,4,1,1,11,5,3,1,1,1,7,4,1,2,4,3,2,9,2,4,9,1,1,10,3,1,9,2,5,2,8,2,3,1,4,1,6,9,11,743,10,10,28.846736566313975,5,7,9
1000058,2023-02-09 16:20:00,79,21,25,23,14,13,55,67,64,44,53,37,17,7,69,28,71,42,61,38,17,20,7,10,7,13,18,11,14,12,13,15,16,19,17,18,14,13,5,15,19,14,16,8,23,12,11,12,11,15,12,14,17,17,13,16,19,18,18,10,16,20,14,12,14,13,15,20,10,10,11,17,16,12,24,12,14,17,15,18,19,12,17,17,12,8,16,25,18,23,15,8,19,14,16,10,12,16,19,15,11,1,3,1,12,1,1,2,2,1,6,1,1,1,5,1,13,2,12,2,10,2,1,17,6,9,3,10,8,3,2,5,4,4,2,4,3,6,3,7,3,5,1,9,4,1,5,2,2,12,6,4,2,1,1,8,5,2,3,5,4,3,10,3,5,10,2,2,1,4,1,10,1,1,1,1,3,4,2,5,1,7,14,6,828,10,10,22.35926747693813,4,2,8
1000059,2023-02-09 16:25:00,76,71,32,70,53,42,7,72,58,80,6,12,43,2,21,26,3,16,27,20,17,21,8,10,7,14,19,11,14,12,13,16,16,19,17,19,14,13,5,16,20,14,16,8,23,13,12,12,11,15,12,15,17,17,13,16,19,18,18,10,16,21,15,12,14,13,15,20,10,10,11,17,17,12,24,12,14,18,15,18,19,12,17,17,12,8,16,25,18,24,16,9,19,14,16,11,12,16,19,16,12,2,4,2,13,2,1,3,3,2,7,2,1,1,6,2,1,3,13,3,1,3,1,18,1,10,4,1,9,4,3,6,5,5,3,5,1,1,4,8,4,1,2,1,5,2,6,3,3,13,7,5,1,2,1,9,6,3,4,6,1,4,11,1,6,11,1,3,1,5,1,11,2,2,2,2,4,5,1,6,1,5,7,13,737,11,9,26.84904193135351,2,7,7
1000060,2023-02-09 16:30:00,65,75,60,15,10,72,24,19,17,34,63,61,47,22,76,55,16,80,38,20,17,21,8,10,7,14,19,11,14,13,13,16,16,19,18,20,15,13,6,17,20,15,16,9,23,13,12,12,11,15,12,15,17,18,13,16,19,19,18,10,16,21,15,12,14,13,16,20,10,10,11,17,17,12,25,12,14,18,15,19,20,12,18,17,13,8,16,25,18,24,16,10,19,14,17,12,12,16,19,17,13,1,1,3,14,1,1,4,4,3,8,1,2,2,7,1,2,4,14,1,1,4,2,19,2,1,1,2,10,5,4,1,6,6,4,6,2,2,5,9,5,1,1,2,6,3,7,4,4,14,8,6,1,3,2,10,7,1,5,7,2,5,12,2,7,12,2,4,2,1,1,1,3,3,3,1,5,6,2,1,0,5,9,11,869,10,10,24.35153729071437,3,5,10
1000061,2023-02-09 16:35:00,30,44,51,56,66,29,31,76,54,42,75,80,79,55,23,73,53,38,48,64,17,21,8,10,7,14,19,11,14,13,13,16,16,19,18,20,15,13,6,17,20,15,17,9,23,13,12,12,12,16,13,15,17,18,13,16,19,20,18,10,16,22,15,13,14,13,16,21,10,10,12,17,18,13,26,13,14,18,15,19,20,12,18,18,13,9,16,25,18,24,16,10,20,14,18,13,12,16,20,18,14,2,2,4,15,2,2,5,5,1,9,2,3,3,1,1,1,5,1,1,2,1,3,1,3,2,2,3,11,6,5,2,7,1,5,7,3,1,6,10,6,2,2,3,7,4,1,5,5,15,9,7,2,4,1,11,8,2,6,1,1,6,1,3,1,13,3,5,3,2,2,1,4,4,1,1,6,7,3,1,0,5,9,11,1067,5,15,17.865800908586863,4,7,9
1000062,2023-02-09 16:40:00,47,51,66,34,26,60,24,7,18,11,79,9,30,76,22,57,25,74,71,27,17,21,8,10,7,14,20,11,15,13,14,16,16,19,18,20,15,14,6,17,20,16,17,10,24,14,13,12,12,17,13,15,17,19,13,16,19,20,18,10,16,22,15,13,14,13,17,21,10,10,13,17,18,13,26,13,15,18,15,20,20,12,18,18,13,10,16,25,18,24,17,10,20,15,18,14,12,16,21,18,15,3,3,5,16,3,3,6,6,2,10,3,4,4,2,2,2,6,2,2,3,2,1,2,4,3,3,4,1,1,1,3,8,2,6,8,4,1,7,11,7,1,3,1,8,5,2,1,6,16,1,8,1,1,1,1,9,3,7,2,2,7,2,1,2,1,4,6,4,3,3,2,1,5,1,1,7,8,1,1,1,5,10,10,814,11,9,24.21417592629313,3,3,9
1000063,2023-02-09 16:45:00,39,30,43,66,74,52,62,54,6,77,37,68,26,70,36,51,16,14,40,7,17,21,8,10,7,15,21,11,15,13,14,16,16,20,18,21,15,14,6,17,20,16,17,10,24,15,13,12,12,18,13,15,17,19,13,17,20,20,19,11,16,22,16,13,14,13,17,21,10,10,14,18,18,14,26,13,15,18,15,20,20,13,18,18,13,11,16,26,18,25,17,10,20,16,18,14,13,16,21,18,16,4,4,6,17,4,1,7,1,3,1,4,5,5,3,3,3,1,3,3,4,1,2,1,1,1,1,5,2,1,2,4,9,1,7,9,5,2,8,12,8,2,4,2,9,6,1,2,7,17,1,9,2,2,2,2,1,4,8,1,3,8,3,2,3,1,5,7,5,4,1,3,2,1,2,1,8,9,1,2,1,6,6,14,868,10,10,22.274365724326533,3,4,9
1000064,2023-02-09 16:50:00,26,23,66,80,19,32,57,30,21,63,12,25,71,74,37,51,77,65,79,20,17,21,8,10,7,15,21,11,15,13,14,17,16,20,18,21,15,14,7,18,21,16,18,10,25,16,13,12,12,19,13,16,17,19,13,17,21,20,19,11,16,22,16,13,14,13,17,21,10,10,15,18,18,14,26,13,16,18,15,20,20,13,19,18,14,12,16,26,18,25,18,10,20,17,18,14,14,16,22,19,17,5,5,7,18,1,1,8,2,4,2,5,6,1,4,1,4,2,4,4,5,2,3,2,2,1,2,6,3,1,3,5,10,2,8,1,1,3,1,1,9,3,1,3,10,7,2,3,8,18,1,1,3,1,3,3,2,5,9,2,4,1,4,3,4,1,6,1,6,1,2,4,3,1,3,2,1,10,2,3,0,7,12,8,928,10,10,23.948189690949174,1,5,9
1000065,2023-02-09 16:55:00,72,16,25,9,29,31,24,4,3,6,75,50,44,53,46,30,22,11,21,19,17,21,9,11,7,16,21,11,16,13,15,17,16,20,18,22,15,14,8,18,22,17,18,11,26,16,13,12,13,20,14,16,17,19,13,17,21,20,19,11,16,22,16,14,14,14,17,21,10,11,15,18,19,14,26,13,16,18,15,20,20,13,19,18,14,12,16,26,18,25,18,11,20,17,19,14,14,16,22,19,18,6,6,8,19,2,2,9,3,5,3,1,7,2,5,2,5,3,1,1,1,3,1,3,1,1,3,7,4,1,4,1,11,3,9,2,1,4,2,2,10,4,2,4,11,8,3,4,9,19,1,2,4,2,4,4,1,6,10,3,5,2,1,4,1,1,7,2,7,2,1,5,4,1,4,3,1,11,1,1,0,4,10,10,590,14,6,21.11746595643172,3,5,8
1000066,2023-02-09 17:00:00,4,60,12,51,69,73,78,34,53,77,41,48,64,46,26,74,7,42,40,59,17,21,9,12,7,16,22,11,16,13,15,18,16,20,18,22,15,14,8,18,22,17,18,11,26,17,13,12,13,20,14,16,17,20,13,17,21,20,19,12,17,23,16,14,14,15,17,22,10,11,16,18,20,14,26,13,16,18,16,21,20,13,19,19,14,12,16,26,19,25,18,11,21,18,19,14,15,17,22,19,19,7,1,1,20,1,3,10,1,6,1,2,8,3,6,1,6,4,1,2,1,1,2,1,1,2,4,8,1,1,1,2,12,4,10,3,2,5,3,3,11,5,3,1,12,1,4,5,10,1,2,3,1,3,5,5,2,7,11,4,6,3,2,5,2,2,8,3,8,3,2,1,5,2,1,4,2,12,2,2,1,3,8,12,958,6,14,22.692219858472708,4,5,9
1000067,2023-02-09 17:05:00,48,71,60,9,45,61,50,70,73,53,77,30,54,55,40,20,31,56,74,32,17,21,9,12,7,16,22,11,17,13,15,18,16,20,18,22,15,14,8,19,22,17,18,11,26,17,13,12,13,21,15,17,17,20,13,17,21,20,19,13,17,23,16,14,15,15,17,23,10,12,16,18,21,15,27,14,16,18,16,22,21,13,19,19,14,12,16,26,19,26,19,11,22,19,19,14,16,17,22,19,20,8,2,1,21,2,1,11,2,7,2,1,9,4,7,2,7,5,2,3,2,2,3,2,2,1,5,9,2,2,2,3,13,1,11,4,3,6,4,1,1,1,4,2,13,1,5,1,11,2,1,4,1,4,6,6,3,8,1,1,7,4,3,1,3,3,9,4,1,4,3,2,1,1,2,5,1,1,3,3,0,7,9,11,1009,6,14,18.880441007338227,4,8,10
1000068,2023-02-09 17:10:00,18,74,33,73,67,79,75,2,68,21,49,76,65,16,7,14,15,19,31,25,17,22,9,12,7,16,23,11,17,13,15,18,16,21,19,23,15,15,9,19,23,17,18,11,27,17,13,12,13,21,16,17,18,20,13,17,21,20,19,13,17,23,16,14,15,15,17,23,11,12,16,18,21,15,27,14,16,18,16,22,21,13,19,19,15,12,17,27,19,26,19,11,23,20,20,15,16,17,23,19,21,9,3,2,22,3,2,12,1,8,3,2,10,5,8,3,8,6,3,1,3,3,4,3,3,2,6,10,3,1,1,1,14,2,12,5,4,7,5,1,2,2,5,3,1,2,6,1,12,1,2,5,1,1,1,1,4,9,2,1,1,5,4,2,4,4,10,5,2,1,1,3,1,1,3,6,1,2,4,4,1,3,13,7,827,11,9,27.644881509679337,6,7,9
1000069,2023-02-09 17:15:00,30,48,7,52,78,28,18,34,50,76,58,19,59,80,43,69,64,1,60,68,18,22,9,12,7,16,24,11,17,13,15,18,16,21,19,23,15,16,10,19,23,17,18,11,27,17,13,13,13,22,16,17,18,21,13,17,21,20,19,13,17,23,17,14,15,15,17,24,11,13,16,19,21,15,27,14,16,19,17,23,21,13,19,20,15,12,17,28,20,26,19,11,23,20,20,16,16,18,23,20,22,1,4,3,23,4,1,13,2,9,4,3,11,1,1,1,9,1,1,2,1,4,5,4,1,3,7,11,4,2,1,2,1,3,13,6,5,8,6,2,3,3,6,4,2,3,7,2,1,2,3,6,2,2,2,2,5,10,3,2,2,6,5,3,1,5,1,1,3,2,2,4,1,1,1,1,2,3,1,5,1,5,6,14,942,7,13,23.78610828547665,4,4,9
1000070,2023-02-09 17:20:00,77,70,62,27,78,23,4,63,14,73,45,69,42,74,56,36,34,55,31,65,18,22,9,13,7,16,24,11,17,13,15,18,16,22,19,23,15,16,10,19,23,17,19,11,27,17,14,13,13,22,17,17,18,22,13,18,21,20,19,13,17,24,17,14,16,15,17,24,11,13,16,19,21,15,28,15,16,19,17,23,21,14,20,20,16,12,17,28,21,27,19,11,24,21,20,16,17,19,23,20,1,2,5,4,24,5,1,14,3,10,5,4,12,2,2,2,10,1,1,3,2,5,6,5,2,4,8,1,5,1,2,3,2,1,14,7,6,9,7,3,4,4,1,5,3,4,8,1,2,1,4,1,3,3,3,3,6,1,1,1,3,7,6,1,2,6,2,1,1,3,3,5,2,2,2,1,3,1,2,1,0,3,10,10,998,7,13,22.41921168622079,6,5,10
1000071,2023-02-09 17:25:00,13,16,31,27,12,67,69,75,70,24,40,17,30,39,5,72,14,32,55,2,18,23,9,13,8,16,24,11,17,13,15,19,17,23,19,24,16,16,10,19,23,17,19,12,27,17,15,13,13,23,18,18,18,22,13,18,21,20,20,14,17,24,17,14,16,15,17,24,11,13,16,19,21,15,29,15,16,19,17,23,21,14,20,20,16,12,18,28,22,28,19,12,24,21,21,16,17,19,23,20,2,3,6,1,25,6,2,15,4,11,6,5,13,1,3,3,11,2,2,4,3,6,1,6,3,5,1,2,6,2,1,4,3,1,15,1,7,10,8,4,5,1,2,6,1,5,9,2,3,2,5,2,4,4,1,1,7,2,2,2,4,1,1,2,1,7,3,2,1,1,4,6,1,1,3,2,1,1,3,2,0,6,10,10,710,14,6,24.24979652654734,5,7,9
1000072,2023-02-09 17:30:00,63,37,50,32,18,54,56,9,61,62,15,45,80,69,26,68,20,5,71,60,18,23,9,13,9,16,24,11,18,13,15,19,17,23,20,24,16,17,10,20,23,17,19,12,27,18,15,13,13,23,18,19,18,22,13,18,22,20,20,14,17,24,17,14,17,15,17,24,11,14,16,19,21,16,29,16,16,19,17,24,22,15,21,20,16,12,18,29,23,28,20,12,24,21,21,16,17,19,23,21,3,1,7,2,1,7,3,16,5,12,7,1,1,1,4,1,1,3,3,5,4,7,2,1,4,6,1,3,7,1,1,1,4,2,16,2,8,11,1,1,6,2,3,7,2,6,10,3,4,3,6,3,5,5,1,2,8,3,3,3,5,2,2,3,2,8,1,3,1,1,5,1,2,2,1,3,2,2,4,3,0,3,9,11,901,8,12,23.022814771439222,2,4,10
1000073,2023-02-09 17:35:00,32,63,70,62,52,33,48,19,75,14,25,30,72,53,4,77,3,69,35,24,18,23,10,14,9,16,24,11,18,13,15,19,17,24,20,24,16,17,11,20,23,17,19,13,28,18,15,13,13,24,18,20,19,22,14,18,22,20,20,14,17,24,17,14,17,15,17,25,11,14,16,20,22,16,29,16,16,19,17,24,22,16,22,20,16,12,18,29,24,29,20,13,24,21,22,16,18,19,23,21,4,2,8,3,1,8,4,17,1,13,8,2,2,2,1,2,2,1,4,1,5,8,3,2,5,1,2,4,8,2,2,1,5,3,17,3,1,12,2,2,7,3,4,8,1,7,11,4,5,1,7,4,6,1,2,1,9,4,4,1,1,1,1,4,3,9,2,1,1,2,1,2,3,3,2,4,3,3,5,1,0,4,10,10,860,10,10,24.13776250913428,4,6,8
1000074,2023-02-09 17:40:00,31,22,23,38,78,52,68,19,54,4,41,65,62,57,73,25,80,58,5,34,18,23,10,15,10,16,24,11,18,13,15,19,17,24,20,24,16,17,12,20,23,18,20,13,29,18,15,13,13,24,19,20,19,23,14,18,22,21,20,14,18,24,17,14,17,15,17,25,11,14,16,21,22,17,29,16,17,20,17,24,22,17,22,20,17,12,18,30,24,29,20,13,25,21,22,16,18,20,23,22,5,3,1,1,2,9,5,18,2,14,9,3,3,1,2,3,3,2,1,2,6,9,4,1,1,2,3,5,9,1,3,1,1,4,1,4,2,13,3,3,8,4,5,9,2,8,12,1,6,2,8,1,1,2,3,2,10,5,5,2,2,1,1,5,4,10,3,2,1,1,2,1,4,4,1,5,1,4,6,2,0,5,9,11,889,9,11,23.513657845243003,5,3,9
1000075,2023-02-09 17:45:00,59,50,57,64,75,73,18,23,65,79,6,21,31,34,25,24,58,37,71,55,18,23,10,15,10,17,24,11,18,13,15,19,17,24,20,24,16,18,12,20,24,18,21,14,30,18,15,13,13,24,20,20,19,24,14,18,23,21,20,14,18,24,17,14,17,15,17,25,11,15,16,21,22,17,30,16,18,21,18,24,22,17,22,21,18,12,18,30,24,29,21,13,26,21,23,16,18,20,24,22,6,4,2,1,1,10,6,19,3,15,10,4,4,2,3,4,4,3,1,3,7,1,1,2,1,3,4,6,10,2,1,2,2,1,2,5,3,1,4,4,1,5,6,10,3,9,13,2,7,3,9,1,2,1,4,3,1,1,6,3,3,1,2,6,1,11,4,1,2,2,3,2,1,5,2,6,2,1,7,1,0,8,13,7,925,9,11,22.25657797501437,6,5,9
1000076,2023-02-09 17:50:00,33,4,23,9,47,14,74,63,73,75,71,19,36,28,21,68,79,18,31,40,18,23,10,16,10,17,24,11,19,13,15,19,17,25,20,24,16,19,13,20,25,18,22,14,30,18,15,14,13,24,21,20,20,24,14,19,23,21,20,15,18,24,17,14,17,15,18,25,11,15,16,21,22,17,30,16,18,21,18,24,22,17,23,21,18,12,18,31,24,29,22,13,27,22,24,16,18,20,25,22,7,5,3,2,2,1,7,20,4,16,11,5,5,3,4,5,5,1,2,4,1,2,1,1,1,4,5,7,11,3,1,3,3,1,3,6,1,2,5,5,2,6,7,11,4,10,14,3,8,1,10,2,3,2,1,4,1,1,1,4,4,2,3,1,1,12,5,2,3,3,1,3,1,6,1,7,3,2,1,2,0,8,12,8,826,12,8,25.212987463648677,4,3,9
1000077,2023-02-09 17:55:00,34,75,76,6,15,44,73,36,55,9,31,47,16,12,41,38,3,29,51,25,18,23,11,16,10,18,24,11,20,13,15,20,17,25,21,25,16,19,13,20,25,18,22,14,31,18,15,14,14,24,22,20,20,25,14,20,23,22,20,15,19,24,17,15,17,15,19,25,11,15,17,21,22,17,31,16,18,21,18,24,22,17,23,21,18,12,18,31,24,29,22,13,28,22,25,17,18,20,25,22,8,6,4,1,3,2,8,21,1,17,12,6,6,1,5,6,6,1,1,5,1,3,1,2,2,5,6,1,12,4,1,4,1,2,4,1,2,3,6,1,3,7,8,12,5,11,1,4,9,2,11,3,4,3,2,5,2,2,2,5,5,3,1,2,2,13,6,1,4,4,1,4,1,1,1,8,4,3,1,3,0,6,12,8,716,12,8,22.505204076531186,6,2,9
1000078,2023-02-09 18:00:00,44,58,2,39,71,7,33,45,12,5,37,32,25,9,59,34,17,50,1,27,19,24,11,16,11,18,25,11,21,13,15,21,17,25,21,25,17,19,13,20,25,18,22,14,32,18,16,14,14,24,22,21,21,26,14,20,24,22,21,15,19,24,17,16,18,15,19,25,11,16,17,21,22,17,31,16,18,22,19,24,22,17,23,21,18,12,18,31,24,29,23,13,28,22,25,17,18,20,25,22,9,7,1,2,4,1,9,22,1,18,13,1,7,2,1,1,7,2,2,6,2,4,2,3,1,6,7,2,1,5,1,5,2,1,5,1,3,1,7,2,1,8,9,1,6,12,1,5,10,3,1,4,5,4,1,6,3,3,3,6,6,4,2,3,3,14,7,2,5,5,2,5,1,2,1,1,5,4,2,4,1,5,13,7,607,14,6,20.55870925704699,3,5,9
1000079,2023-02-09 18:05:00,16,46,29,1,69,33,50,51,6,34,57,55,7,70,75,32,10,54,38,15,20,24,11,16,11,19,26,11,21,14,15,21,17,25,22,26,17,19,13,20,25,18,22,14,32,18,16,14,15,24,22,22,22,27,14,20,24,23,21,15,19,24,17,16,18,16,19,25,11,17,18,21,22,18,32,16,19,22,19,24,22,17,23,21,18,12,18,31,25,30,23,13,28,22,26,17,18,20,25,22,1,1,2,3,1,2,1,23,1,19,14,1,8,3,2,2,1,3,3,7,3,5,3,4,1,7,1,3,2,6,2,1,1,1,6,2,1,2,1,3,2,9,10,1,1,13,2,6,11,1,2,5,6,5,2,7,4,1,1,7,7,5,3,4,4,15,8,3,6,6,1,6,2,3,2,2,6,5,3,5,1,6,10,10,748,11,9,22.87126443470289,6,7,10
1000080,2023-02-09 18:10:00,48,45,41,79,11,59,62,1,65,75,27,6,51,5,21,7,54,46,53,2,21,25,11,16,12,20,27,11,21,14,16,21,17,25,22,26,17,19,13,20,26,18,22,14,32,18,17,14,15,24,22,22,22,27,14,20,24,23,21,15,20,24,17,16,19,17,19,26,11,17,19,21,23,19,32,16,19,22,20,24,22,18,23,21,19,12,18,31,25,30,23,13,28,22,27,17,18,20,26,22,1,2,3,4,2,1,1,24,2,1,15,2,9,4,1,1,2,4,4,8,4,6,4,5,2,8,2,4,1,7,3,1,1,1,7,3,2,1,2,4,3,10,11,2,2,1,3,7,12,1,1,6,7,1,1,8,1,2,2,8,8,6,4,5,5,16,9,4,1,1,2,7,3,4,1,3,7,6,4,6,1,7,14,6,758,8,12,25.69640564666379,2,5,9
1000081,2023-02-09 18:15:00,58,16,59,62,29,69,70,66,46,18,57,77,78,19,73,74,33,1,31,42,22,25,11,16,12,20,27,11,21,14,16,21,17,25,22,27,17,20,14,20,26,18,22,14,32,18,17,14,16,24,23,22,23,27,14,20,24,23,21,15,20,25,17,16,19,18,19,26,11,17,19,21,23,19,32,16,20,23,21,24,22,19,23,21,19,13,18,31,26,31,23,13,29,23,27,17,19,21,26,22,1,1,4,5,1,1,1,25,3,2,1,3,10,5,2,2,3,5,5,9,1,7,5,6,3,9,1,5,2,8,4,2,2,2,8,4,3,2,3,5,1,11,12,3,1,1,4,1,13,2,1,7,1,1,2,9,2,3,1,9,9,1,5,6,1,17,10,5,2,2,3,8,4,5,1,4,8,7,1,7,0,4,10,10,978,7,13,23.68854931018471,4,6,9
1000082,2023-02-09 18:20:00,79,57,46,17,21,40,56,77,65,25,4,58,70,24,43,61,48,39,44,63,22,25,11,17,12,20,27,11,21,14,16,21,17,25,22,27,18,20,14,20,27,18,22,15,33,18,17,14,16,24,23,22,23,27,14,20,24,23,22,16,20,25,18,17,19,19,19,27,11,17,19,21,23,19,32,17,21,24,21,24,23,19,24,21,20,13,18,31,26,32,23,13,29,23,27,17,20,21,27,22,1,2,5,6,2,2,2,26,4,3,2,4,11,6,3,1,4,1,1,10,2,8,6,7,4,10,2,6,1,9,1,3,1,3,9,5,4,3,4,6,2,1,13,4,2,1,5,2,14,3,2,8,2,2,3,10,1,1,1,10,10,1,6,7,2,1,11,6,1,1,4,9,1,1,2,5,1,1,2,8,0,5,11,9,937,7,13,20.658310421563627,2,5,9
1000083,2023-02-09 18:25:00,50,77,51,12,46,69,8,37,11,26,6,45,27,31,32,36,10,63,29,20,22,25,11,17,12,21,27,12,21,15,17,22,17,25,22,27,18,20,14,21,27,18,22,15,33,19,18,14,17,24,24,23,23,27,14,21,25,23,22,16,20,25,18,17,20,20,19,27,11,18,20,21,23,19,32,17,21,24,21,24,23,19,25,21,20,13,18,31,27,32,23,13,29,23,27,17,21,21,27,22,2,3,6,1,3,3,3,27,5,4,3,5,12,7,4,2,1,2,2,11,1,9,7,1,1,11,3,7,2,10,2,4,2,4,10,6,5,4,1,1,3,2,1,1,3,1,6,1,15,4,3,9,3,3,4,1,1,1,2,11,1,2,1,8,1,2,12,7,2,1,5,10,2,2,3,6,1,2,1,9,0,3,10,10,686,13,7,20.688415268352227,2,7,9
1000084,2023-02-09 18:30:00,76,32,16,49,69,43,60,27,23,67,5,42,4,12,80,22,59,17,70,9,22,25,11,18,13,21,27,12,22,15,17,23,17,25,22,28,19,20,14,21,27,19,23,15,33,19,19,14,17,24,24,24,23,27,14,21,25,23,22,16,20,26,19,17,20,20,19,27,12,18,20,21,23,19,32,17,21,24,22,25,23,19,25,21,20,13,19,31,28,33,23,13,29,23,27,18,21,21,27,23,3,4,7,2,4,1,4,1,6,1,1,1,13,8,5,3,2,3,3,1,2,10,8,2,2,1,1,8,1,11,1,1,3,5,11,1,1,5,2,2,4,3,2,2,1,1,7,2,16,1,1,10,4,4,5,2,2,2,3,12,2,3,1,9,2,3,13,8,1,2,6,11,3,3,4,7,1,3,2,10,0,4,10,10,782,10,10,25.56910141886924,2,6,8
1000085,2023-02-09 18:35:00,23,68,57,38,26,10,72,44,63,67,14,66,70,54,11,5,62,7,80,76,22,25,11,18,14,21,28,12,22,16,18,23,17,26,22,28,19,20,14,21,27,19,24,15,33,20,19,14,17,24,24,24,23,27,14,21,25,24,22,16,20,26,19,18,20,20,19,27,12,18,20,21,23,20,32,17,22,24,22,25,23,20,26,21,20,14,20,32,28,34,23,14,29,23,27,19,21,21,27,24,4,5,8,1,1,2,5,2,1,2,2,1,14,9,6,1,1,4,4,2,3,1,1,3,3,2,1,9,2,12,2,1,4,6,12,2,2,6,3,3,5,1,1,3,2,2,8,3,1,2,2,11,5,5,6,3,3,3,1,1,3,4,2,10,3,4,1,9,1,1,7,12,4,4,5,1,2,4,3,1,1,6,7,13,913,8,12,26.26239055940523,3,4,9
1000086,2023-02-09 18:40:00,52,35,31,17,50,13,41,53,62,25,47,54,10,20,48,6,9,56,75,15,22,25,11,18,14,22,28,12,23,17,18,23,18,26,23,28,20,20,14,22,27,19,24,15,34,20,19,14,17,24,25,24,23,27,15,21,25,24,22,16,21,26,19,18,20,20,20,28,12,19,20,22,24,21,32,18,22,24,22,25,23,21,26,21,20,14,20,32,28,34,23,14,29,23,28,19,21,21,27,24,5,6,9,2,1,3,1,3,2,1,1,2,15,1,7,2,2,5,5,3,4,2,1,4,4,1,2,10,3,13,3,2,5,7,13,3,3,1,4,4,6,2,2,1,3,3,9,4,2,3,3,12,6,1,7,4,1,4,2,2,4,1,1,11,4,1,1,1,2,1,8,1,5,5,6,1,3,5,4,1,0,3,11,9,719,10,10,20.507957377307807,3,4,10
1000087,2023-02-09 18:45:00,71,70,27,43,45,29,76,7,36,60,40,9,67,57,35,3,12,2,48,44,22,26,12,18,14,22,29,12,24,17,18,24,18,26,23,28,20,20,14,22,27,19,24,15,34,20,20,14,18,24,25,24,23,27,16,22,25,24,22,17,21,26,20,19,21,20,20,29,12,19,20,22,24,21,32,18,23,24,22,26,23,21,26,21,20,14,21,32,28,35,24,14,29,23,28,20,21,21,27,24,6,7,10,3,2,1,2,4,1,1,2,3,1,2,1,3,1,6,6,1,5,3,2,5,1,2,3,11,4,14,1,3,6,8,1,4,4,2,5,5,1,3,3,2,4,4,1,1,3,1,4,1,1,1,8,1,2,5,3,3,5,1,2,12,5,2,2,2,3,2,9,2,6,6,1,2,4,6,5,2,1,3,11,9,781,10,10,23.674269843684282,2,5,10
1000088,2023-02-09 18:50:00,60,56,70,71,34,41,39,9,32,47,61,44,79,7,43,26,55,29,66,58,22,26,12,18,14,22,30,12,25,17,18,24,18,26,23,28,20,20,14,22,27,19,24,15,34,21,20,14,19,24,25,25,23,28,16,22,25,24,23,17,22,26,21,20,21,20,21,29,12,19,20,22,24,21,33,19,23,25,22,27,24,21,26,21,20,15,21,32,28,36,25,14,29,23,28,20,21,21,28,24,7,1,1,4,3,2,1,5,1,2,3,1,2,3,2,4,2,7,7,2,6,4,3,6,2,3,1,12,1,15,2,4,7,9,1,1,5,3,6,1,2,4,1,1,1,5,2,1,4,2,5,2,2,2,9,2,1,6,4,1,6,2,3,13,6,3,1,3,4,1,1,3,7,7,2,1,5,7,6,3,1,8,11,9,927,7,13,19.78908524254828,4,4,10
1000089,2023-02-09 18:55:00,30,43,59,22,3,73,74,47,27,10,31,49,54,71,15,18,53,44,9,75,22,26,13,18,14,22,30,12,26,18,18,24,18,26,24,28,20,21,14,22,27,20,24,15,34,21,21,14,19,25,26,25,23,28,16,22,25,24,23,17,22,26,22,21,21,20,22,29,13,19,20,22,25,22,33,19,23,25,23,27,24,21,26,21,20,15,21,32,28,36,26,14,30,24,29,20,21,21,28,24,8,2,2,5,4,3,1,6,1,3,4,2,3,4,3,5,3,8,8,3,7,5,4,7,3,1,2,13,1,16,3,1,8,1,2,2,6,4,1,2,1,5,1,1,2,6,1,2,5,3,6,3,3,3,1,1,2,1,5,1,1,3,4,14,7,1,2,4,5,1,1,4,8,8,3,2,6,8,1,4,0,5,13,7,807,9,11,23.308627271101958,3,6,9
1000090,2023-02-09 19:00:00,3,22,12,77,34,55,15,41,1,70,14,66,8,33,74,31,57,71,26,75,23,26,14,18,14,22,30,13,26,18,18,25,18,27,25,28,20,21,14,22,27,21,24,15,34,22,21,14,19,25,27,25,24,29,16,22,25,24,23,17,23,26,22,21,21,20,22,29,13,19,20,22,25,22,34,19,24,25,23,27,24,21,26,21,20,16,21,32,28,37,27,14,30,25,30,20,22,21,28,24,9,3,1,6,5,4,2,7,1,1,5,3,4,5,1,6,4,1,9,4,8,1,5,8,4,2,1,14,2,1,1,2,9,2,3,3,7,5,2,3,2,6,1,1,3,7,1,3,1,4,7,4,1,1,2,2,3,2,1,2,2,4,5,15,8,2,3,5,6,2,1,5,1,1,1,3,7,9,2,5,0,7,11,9,785,11,9,26.63174797117155,5,4,9
1000091,2023-02-09 19:05:00,52,9,27,20,56,18,37,76,10,80,8,11,43,61,12,5,54,40,60,30,23,26,14,18,15,22,30,14,27,19,19,26,18,27,25,28,20,22,14,23,27,21,24,15,34,22,22,14,19,26,27,25,24,29,16,22,26,24,23,18,23,26,23,21,21,20,22,29,13,19,20,23,25,23,34,20,24,25,23,28,25,21,26,21,20,16,21,32,28,37,27,14,30,25,30,21,22,21,28,25,1,4,1,7,6,5,3,1,2,2,6,1,5,1,1,7,5,2,10,5,9,1,6,9,5,1,2,15,3,2,1,3,1,1,4,4,8,6,3,4,1,7,2,2,4,8,2,4,2,5,8,5,2,2,1,3,1,3,2,3,3,5,6,16,9,1,4,6,7,1,1,6,2,1,1,4,1,10,3,6,0,2,7,13,709,12,8,23.869105775590246,0,5,10
1000092,2023-02-09 19:10:00,28,57,41,59,35,33,16,3,68,21,6,37,34,63,65,24,62,9,75,53,23,26,15,18,15,23,30,14,28,19,19,26,18,27,25,29,20,22,14,23,28,21,24,16,34,22,22,15,19,26,27,25,25,30,17,22,27,24,23,18,24,26,23,21,21,20,22,29,13,19,20,23,26,23,34,20,25,25,24,28,25,22,27,21,21,16,21,33,28,37,27,14,30,25,31,21,22,21,28,25,2,5,2,8,1,6,4,1,1,1,1,1,6,2,2,8,6,1,11,1,10,2,7,10,6,2,1,16,4,1,2,4,2,2,5,5,1,7,4,1,2,8,1,3,5,9,3,5,3,6,9,1,3,1,2,1,2,4,3,1,1,6,7,17,10,2,5,7,8,2,2,7,3,2,2,1,2,11,4,1,0,2,13,7,789,11,9,22.246170575250876,3,3,9
1000093,2023-02-09 19:15:00,67,11,45,18,70,24,41,39,32,65,1,66,59,8,35,44,4,49,63,74,24,26,15,19,15,23,30,15,28,19,20,26,18,27,25,29,20,23,14,23,28,21,24,17,34,22,22,15,19,26,27,26,25,30,18,22,27,24,24,18,25,26,23,22,22,20,22,29,14,19,20,23,26,23,34,20,25,25,25,28,25,22,28,21,22,17,22,33,28,38,27,14,30,26,31,21,22,21,28,25,3,6,1,9,2,1,5,2,1,2,2,2,7,3,3,1,7,2,12,2,1,3,8,1,7,3,2,1,5,2,3,5,1,1,1,6,1,8,5,2,1,9,2,4,6,10,4,6,4,7,10,2,1,2,3,2,1,5,1,2,2,1,1,18,1,3,6,1,9,3,3,8,4,3,1,2,3,12,5,2,0,6,11,9,815,9,11,23.619516907578117,1,3,10
1000094,2023-02-09 19:20:00,51,73,12,4,40,5,69,33,2,63,14,71,76,30,66,43,32,28,38,36,24,27,15,20,16,23,30,15,28,19,20,27,18,28,25,29,20,23,14,23,28,21,24,17,34,22,22,16,19,27,27,27,26,30,18,23,27,25,24,19,25,26,24,22,22,20,22,29,14,19,21,23,26,23,34,20,25,25,25,28,25,22,29,21,22,18,22,33,29,38,28,14,31,26,31,22,22,21,28,25,1,7,2,1,3,2,6,1,2,3,1,3,8,4,4,2,8,1,13,3,2,4,9,1,8,4,3,2,6,3,4,1,2,2,1,7,2,9,1,3,1,10,3,1,1,11,5,7,1,8,11,3,2,3,4,3,2,6,1,3,3,2,1,19,1,1,1,2,10,1,4,9,5,1,2,3,4,13,6,3,0,4,8,12,786,12,8,24.40254516492728,2,2,9
1000095,2023-02-09 19:25:00,40,6,9,60,34,4,31,54,78,73,32,15,14,21,30,3,71,42,28,10,24,27,16,21,16,24,30,15,29,20,20,27,18,29,26,29,20,23,14,23,29,21,24,17,34,22,22,17,19,28,28,28,26,31,18,23,27,25,24,20,25,27,24,22,22,20,22,29,14,19,21,23,26,24,34,20,25,25,25,29,25,22,29,21,22,18,22,33,29,38,29,14,32,26,31,22,22,22,28,25,2,1,3,1,1,3,7,2,3,4,2,1,9,1,5,3,9,2,14,4,3,5,10,2,9,5,4,1,7,1,5,1,1,3,2,1,3,1,2,1,2,11,1,2,2,12,6,8,2,9,1,4,3,4,5,4,3,7,2,4,4,3,1,20,2,1,2,3,1,2,1,10,1,2,3,1,5,14,7,4,0,8,7,13,655,14,6,23.85454828086691,3,5,9
1000096,2023-02-09 19:30:00,22,36,31,54,40,48,3,26,52,59,62,69,57,78,55,33,37,80,77,2,24,28,17,21,16,24,30,15,29,20,20,27,18,29,26,29,20,23,14,23,29,22,24,17,34,23,22,17,19,28,29,28,27,31,18,24,28,25,24,21,25,27,24,22,22,20,22,30,14,19,21,24,26,25,35,20,26,25,26,29,25,23,29,21,22,18,22,33,30,38,29,14,32,26,31,22,23,23,28,26,3,2,1,1,2,1,8,3,1,1,3,2,10,1,1,4,10,3,15,5,1,6,11,3,10,6,5,1,8,1,1,1,2,1,3,2,4,2,3,1,3,1,2,3,3,13,7,9,3,10,2,5,4,1,6,5,4,8,3,1,5,4,2,21,3,2,3,4,2,3,1,11,1,3,4,2,6,1,8,5,0,5,9,11,921,9,11,22.67963380378273,3,4,10
1000097,2023-02-09 19:35:00,44,73,38,8,45,16,3,70,33,53,5,54,80,71,20,17,40,1,58,37,25,28,18,21,17,24,30,16,29,20,20,27,18,29,26,30,21,23,14,24,29,22,24,17,34,23,22,17,19,28,29,28,28,31,18,24,29,26,24,22,25,27,24,23,23,20,22,30,14,19,21,24,27,26,35,20,26,26,26,29,25,23,29,21,22,18,22,33,30,39,30,14,33,26,31,22,23,23,28,27,4,1,1,2,3,2,9,4,2,2,4,3,11,2,2,5,11,4,16,6,2,1,12,4,11,1,6,2,9,2,1,2,1,2,4,1,1,3,4,1,4,2,3,4,4,14,8,1,4,11,3,1,5,1,1,6,1,9,1,2,6,1,3,22,4,3,4,5,1,4,2,12,2,4,5,3,1,1,9,1,0,6,10,10,766,11,9,25.055937420100648,2,5,8
1000098,2023-02-09 19:40:00,7,70,41,75,33,8,31,72,69,20,79,55,67,44,65,43,57,13,23,10,25,28,18,21,17,24,31,17,29,21,20,27,19,29,26,30,21,23,14,25,29,22,25,17,34,23,22,17,19,28,30,28,29,31,18,24,29,26,24,22,26,27,25,24,23,20,22,30,14,19,21,24,27,26,36,20,27,26,26,29,25,23,29,21,23,18,23,33,31,40,30,15,33,26,32,22,23,23,29,27,1,2,1,3,1,3,10,1,3,3,5,4,12,3,3,1,1,5,17,1,3,2,13,5,12,2,7,3,10,3,2,3,1,3,5,2,1,1,5,1,5,3,4,1,1,15,9,2,5,12,4,2,1,1,2,7,2,1,2,3,7,2,4,23,5,4,5,6,2,1,1,13,1,5,6,4,2,2,10,1,1,5,14,6,882,8,12,24.74054843454577,6,3,9
1000099,2023-02-09 19:45:00,46,3,32,24,47,44,22,68,51,60,31,29,26,78,34,54,52,11,30,19,25,28,19,21,17,24,31,17,29,21,21,27,19,29,26,30,21,23,15,25,29,23,25,18,34,24,22,17,20,29,31,29,29,32,18,24,29,26,24,22,26,27,25,25,23,21,23,30,14,19,22,25,27,27,36,20,27,26,26,30,25,23,29,21,23,18,23,34,31,40,30,15,33,26,32,22,23,24,29,27,2,3,2,4,2,4,1,1,4,1,6,5,1,4,4,2,2,6,18,1,4,3,1,6,13,3,8,4,11,4,1,4,1,4,6,3,2,2,6,2,1,4,1,1,2,16,10,3,6,13,5,3,2,2,1,8,1,2,3,4,8,3,5,24,1,5,1,7,1,1,2,1,2,6,1,5,3,3,1,2,0,2,7,13,761,11,9,19.115920617449518,3,5,9
1000100,2023-02-09 19:50:00,35,15,34,3,25,68,26,64,24,75,39,43,9,18,65,42,32,45,40,55,25,28,20,21,17,24,31,17,30,21,21,27,19,29,27,30,21,24,15,25,29,23,25,19,35,25,22,17,20,29,31,30,29,33,19,24,29,26,25,23,26,28,26,25,24,21,23,30,14,19,22,25,27,27,37,20,27,26,26,30,25,23,29,22,24,18,23,35,31,40,30,15,33,26,33,22,23,24,29,27,3,4,1,5,3,5,2,2,5,2,1,6,2,5,5,3,3,7,1,2,5,1,2,1,14,1,9,5,1,1,1,1,2,1,7,4,3,3,7,3,2,5,2,1,3,1,1,4,7,14,1,1,3,1,2,9,2,3,4,1,9,4,6,25,2,6,2,1,2,2,3,2,3,7,2,6,4,1,2,3,0,6,11,9,757,12,8,20.02964907593898,5,6,8
