drawId,drawTime,numbers
1212621,2025-07-20 02:55:00,"[2, 68, 72, 67, 75, 5, 74, 63, 8, 54, 61, 4, 58, 12, 42, 21, 13, 37, 80, 77]"
1212620,2025-07-20 02:50:00,"[77, 28, 52, 71, 22, 80, 20, 73, 9, 16, 4, 29, 68, 30, 70, 25, 49, 56, 67, 47]"
1212619,2025-07-20 02:45:00,"[22, 63, 36, 37, 48, 16, 38, 69, 28, 13, 73, 24, 41, 68, 42, 50, 10, 15, 18, 45]"
1212618,2025-07-20 02:40:00,"[35, 6, 72, 63, 55, 69, 57, 25, 59, 5, 54, 46, 50, 48, 60, 15, 41, 12, 80, 13]"
1212617,2025-07-20 02:35:00,"[5, 33, 27, 34, 30, 53, 19, 61, 45, 8, 47, 22, 50, 32, 48, 55, 2, 35, 17, 36]"
1212616,2025-07-20 02:30:00,"[30, 53, 47, 76, 57, 54, 59, 33, 55, 14, 51, 24, 3, 78, 77, 64, 52, 61, 48, 68]"
1212615,2025-07-20 02:25:00,"[47, 31, 12, 2, 46, 35, 79, 78, 29, 17, 52, 66, 42, 54, 56, 20, 32, 14, 51, 37]"
1212614,2025-07-20 02:20:00,"[38, 21, 41, 5, 43, 54, 57, 64, 25, 48, 3, 56, 53, 61, 51, 16, 47, 76, 58, 4]"
1212613,2025-07-20 02:15:00,"[28, 22, 27, 78, 61, 14, 65, 23, 20, 49, 30, 35, 73, 32, 72, 52, 44, 54, 36, 48]"
1212612,2025-07-20 02:10:00,"[38, 63, 46, 61, 51, 15, 25, 75, 17, 12, 36, 6, 28, 14, 27, 10, 53, 26, 42, 54]"
1212333,2025-07-19 02:55:00,"[12, 74, 33, 62, 61, 55, 76, 31, 37, 57, 20, 78, 25, 32, 26, 45, 66, 6, 72, 8]"
1212332,2025-07-19 02:50:00,"[62, 32, 60, 17, 49, 27, 48, 30, 78, 66, 35, 41, 52, 70, 80, 24, 25, 61, 53, 72]"
1212331,2025-07-19 02:45:00,"[70, 28, 29, 48, 50, 20, 68, 65, 76, 45, 14, 75, 34, 46, 25, 56, 58, 4, 10, 41]"
1212330,2025-07-19 02:40:00,"[2, 64, 65, 25, 48, 50, 32, 75, 43, 14, 38, 24, 76, 9, 45, 40, 8, 47, 46, 72]"
1212329,2025-07-19 02:35:00,"[58, 61, 23, 72, 35, 2, 73, 9, 18, 26, 13, 27, 60, 43, 16, 3, 34, 10, 36, 1]"
1212328,2025-07-19 02:30:00,"[32, 25, 50, 70, 30, 7, 6, 62, 44, 78, 34, 41, 36, 13, 74, 46, 54, 57, 59, 14]"
1212327,2025-07-19 02:25:00,"[18, 26, 49, 59, 63, 6, 4, 14, 80, 30, 1, 62, 16, 5, 69, 20, 66, 27, 67, 57]"
1212326,2025-07-19 02:20:00,"[79, 56, 42, 18, 47, 22, 21, 46, 34, 23, 15, 54, 37, 3, 30, 39, 51, 32, 11, 57]"
1212325,2025-07-19 02:15:00,"[13, 4, 20, 17, 47, 3, 24, 10, 60, 23, 9, 30, 48, 16, 33, 31, 14, 49, 77, 37]"
1212324,2025-07-19 02:10:00,"[80, 58, 56, 60, 50, 17, 42, 35, 40, 1, 31, 6, 10, 63, 66, 13, 2, 29, 34, 4]"
1212045,2025-07-18 02:55:00,"[14, 80, 69, 73, 24, 1, 79, 7, 66, 37, 51, 68, 76, 12, 50, 6, 17, 52, 62, 57]"
1212044,2025-07-18 02:50:00,"[45, 48, 66, 53, 38, 76, 30, 10, 11, 15, 43, 12, 57, 54, 36, 62, 21, 74, 70, 16]"
1212043,2025-07-18 02:45:00,"[22, 56, 8, 20, 44, 64, 11, 7, 75, 30, 26, 21, 29, 50, 39, 70, 13, 24, 48, 58]"
1212042,2025-07-18 02:40:00,"[8, 31, 55, 23, 41, 25, 14, 35, 67, 27, 13, 71, 42, 3, 45, 34, 21, 59, 80, 44]"
1212041,2025-07-18 02:35:00,"[39, 70, 35, 7, 1, 47, 36, 31, 8, 18, 26, 16, 37, 74, 4, 79, 65, 22, 80, 33]"
1212040,2025-07-18 02:30:00,"[44, 10, 43, 25, 6, 35, 67, 24, 73, 26, 65, 51, 39, 3, 11, 66, 77, 71, 48, 29]"
1212039,2025-07-18 02:25:00,"[27, 46, 3, 65, 8, 19, 62, 17, 78, 39, 49, 80, 68, 5, 37, 50, 53, 59, 61, 54]"
1212038,2025-07-18 02:20:00,"[16, 4, 1, 14, 74, 43, 45, 58, 44, 28, 63, 38, 21, 13, 61, 65, 17, 78, 33, 15]"
1212037,2025-07-18 02:15:00,"[62, 9, 68, 3, 6, 22, 42, 1, 60, 2, 63, 77, 75, 44, 13, 32, 39, 26, 31, 11]"
1212036,2025-07-18 02:10:00,"[65, 68, 66, 21, 15, 33, 3, 50, 63, 73, 57, 37, 22, 23, 16, 47, 27, 56, 45, 20]"
1211757,2025-07-17 02:55:00,"[40, 12, 22, 20, 36, 25, 30, 59, 6, 43, 63, 15, 61, 78, 38, 27, 73, 50, 70, 4]"
1211756,2025-07-17 02:50:00,"[35, 56, 46, 6, 15, 17, 79, 23, 4, 70, 27, 10, 33, 32, 39, 77, 22, 64, 24, 55]"
1211755,2025-07-17 02:45:00,"[74, 23, 48, 35, 58, 3, 70, 33, 2, 42, 7, 39, 21, 13, 19, 1, 26, 11, 41, 47]"
1211754,2025-07-17 02:40:00,"[17, 21, 39, 65, 35, 2, 10, 36, 49, 24, 63, 42, 18, 44, 43, 8, 50, 13, 68, 28]"
1211753,2025-07-17 02:35:00,"[78, 5, 69, 59, 68, 55, 10, 71, 50, 17, 49, 8, 16, 65, 36, 20, 64, 7, 21, 73]"
1211752,2025-07-17 02:30:00,"[32, 50, 42, 18, 53, 26, 31, 72, 6, 74, 34, 68, 36, 60, 9, 56, 64, 14, 3, 65]"
1211751,2025-07-17 02:25:00,"[77, 16, 79, 12, 36, 30, 41, 57, 52, 26, 28, 9, 65, 39, 5, 38, 14, 34, 43, 31]"
1211750,2025-07-17 02:20:00,"[33, 54, 6, 17, 64, 7, 2, 43, 10, 3, 76, 78, 53, 73, 21, 55, 32, 14, 74, 12]"
1211749,2025-07-17 02:15:00,"[53, 10, 72, 68, 2, 29, 25, 21, 6, 77, 44, 30, 11, 17, 51, 31, 35, 67, 24, 47]"
1211748,2025-07-17 02:10:00,"[35, 44, 54, 66, 71, 50, 8, 22, 59, 31, 14, 27, 3, 5, 1, 28, 57, 33, 18, 74]"
1211469,2025-07-16 02:55:00,"[35, 54, 59, 40, 64, 17, 51, 38, 75, 27, 30, 68, 58, 57, 15, 60, 28, 21, 62, 63]"
1211468,2025-07-16 02:50:00,"[14, 61, 23, 47, 68, 10, 66, 41, 70, 24, 74, 59, 48, 42, 73, 4, 26, 57, 38, 32]"
1211467,2025-07-16 02:45:00,"[58, 33, 68, 65, 44, 54, 16, 52, 36, 59, 43, 48, 76, 23, 34, 10, 15, 21, 55, 57]"
1211466,2025-07-16 02:40:00,"[74, 11, 14, 19, 39, 42, 20, 71, 59, 36, 25, 69, 54, 1, 12, 40, 53, 78, 3, 24]"
1211465,2025-07-16 02:35:00,"[34, 28, 60, 52, 73, 62, 49, 13, 65, 63, 20, 7, 5, 53, 79, 24, 58, 70, 71, 33]"
1211464,2025-07-16 02:30:00,"[20, 9, 43, 10, 68, 55, 25, 24, 53, 17, 41, 47, 70, 16, 40, 64, 32, 3, 2, 22]"
1211463,2025-07-16 02:25:00,"[10, 76, 22, 33, 30, 32, 63, 71, 9, 38, 40, 73, 3, 77, 58, 13, 23, 28, 41, 2]"
1211462,2025-07-16 02:20:00,"[52, 74, 62, 51, 19, 5, 46, 70, 4, 9, 59, 18, 79, 50, 45, 34, 55, 80, 35, 24]"
1211461,2025-07-16 02:15:00,"[18, 47, 15, 31, 72, 4, 78, 74, 50, 25, 30, 43, 36, 67, 69, 44, 39, 42, 17, 77]"
1211460,2025-07-16 02:10:00,"[36, 5, 9, 51, 67, 71, 78, 6, 24, 41, 12, 65, 59, 21, 27, 62, 3, 75, 32, 19]"
1211181,2025-07-15 02:55:00,"[45, 1, 68, 8, 25, 49, 36, 40, 19, 56, 4, 80, 61, 75, 24, 54, 37, 29, 76, 3]"
1211180,2025-07-15 02:50:00,"[54, 22, 80, 77, 2, 8, 66, 27, 47, 28, 52, 60, 1, 16, 21, 14, 55, 74, 78, 13]"
1211179,2025-07-15 02:45:00,"[23, 79, 21, 60, 25, 67, 48, 14, 76, 71, 52, 32, 56, 17, 73, 40, 57, 80, 65, 31]"
1211178,2025-07-15 02:40:00,"[42, 58, 11, 21, 62, 19, 64, 18, 68, 48, 39, 7, 59, 1, 25, 29, 74, 27, 35, 4]"
1211177,2025-07-15 02:35:00,"[59, 76, 7, 43, 80, 50, 1, 21, 14, 41, 5, 48, 71, 72, 47, 8, 12, 6, 45, 3]"
1211176,2025-07-15 02:30:00,"[43, 55, 13, 58, 14, 59, 31, 26, 17, 57, 37, 80, 49, 20, 11, 5, 65, 15, 24, 69]"
1211175,2025-07-15 02:25:00,"[77, 36, 31, 4, 48, 53, 38, 12, 67, 9, 41, 58, 64, 70, 47, 74, 13, 42, 19, 27]"
1211174,2025-07-15 02:20:00,"[67, 32, 64, 45, 59, 77, 7, 28, 39, 48, 66, 54, 76, 13, 40, 24, 42, 4, 80, 12]"
1211173,2025-07-15 02:15:00,"[31, 45, 37, 50, 9, 16, 51, 1, 79, 24, 11, 74, 22, 68, 19, 76, 58, 41, 53, 33]"
1211172,2025-07-15 02:10:00,"[75, 7, 22, 5, 67, 1, 44, 73, 9, 59, 55, 16, 28, 42, 72, 62, 48, 80, 54, 11]"
1210893,2025-07-14 02:55:00,"[41, 59, 20, 36, 7, 3, 48, 50, 18, 70, 49, 58, 33, 63, 29, 44, 27, 21, 78, 16]"
1210892,2025-07-14 02:50:00,"[50, 24, 51, 29, 17, 32, 16, 48, 74, 55, 43, 66, 41, 36, 4, 58, 3, 76, 28, 56]"
1210891,2025-07-14 02:45:00,"[4, 13, 73, 33, 24, 22, 16, 77, 58, 45, 68, 7, 50, 52, 66, 17, 29, 80, 53, 63]"
1210890,2025-07-14 02:40:00,"[38, 27, 19, 46, 7, 44, 68, 9, 63, 47, 20, 4, 3, 42, 24, 2, 35, 39, 11, 62]"
1210889,2025-07-14 02:35:00,"[68, 34, 76, 19, 11, 61, 80, 28, 24, 14, 63, 18, 8, 21, 5, 35, 57, 54, 44, 65]"
1210888,2025-07-14 02:30:00,"[59, 66, 46, 15, 1, 79, 40, 77, 32, 5, 51, 62, 63, 13, 23, 73, 29, 57, 28, 6]"
1210887,2025-07-14 02:25:00,"[1, 53, 25, 32, 71, 58, 3, 15, 14, 73, 7, 42, 49, 36, 12, 61, 28, 54, 17, 74]"
1210886,2025-07-14 02:20:00,"[72, 4, 49, 73, 43, 26, 60, 30, 74, 56, 5, 2, 27, 55, 38, 48, 34, 59, 67, 75]"
1210885,2025-07-14 02:15:00,"[11, 75, 21, 22, 24, 65, 2, 58, 16, 72, 13, 29, 3, 59, 6, 49, 74, 26, 80, 32]"
1210884,2025-07-14 02:10:00,"[18, 49, 66, 61, 42, 31, 45, 71, 60, 10, 74, 22, 34, 26, 73, 80, 44, 46, 78, 32]"
1210605,2025-07-13 02:55:00,"[44, 22, 68, 8, 76, 18, 1, 56, 64, 50, 24, 55, 74, 57, 26, 67, 35, 19, 20, 40]"
1210604,2025-07-13 02:50:00,"[62, 63, 10, 49, 74, 37, 56, 28, 1, 76, 12, 44, 24, 38, 32, 68, 27, 3, 4, 15]"
1210603,2025-07-13 02:45:00,"[17, 59, 74, 31, 47, 16, 36, 35, 11, 4, 24, 48, 29, 33, 39, 72, 2, 79, 57, 44]"
1210602,2025-07-13 02:40:00,"[22, 30, 21, 24, 33, 56, 46, 48, 78, 42, 75, 57, 23, 41, 28, 47, 55, 35, 69, 79]"
1210601,2025-07-13 02:35:00,"[61, 21, 58, 35, 38, 17, 66, 48, 31, 22, 13, 18, 42, 41, 2, 4, 79, 26, 70, 29]"
1210600,2025-07-13 02:30:00,"[16, 53, 1, 61, 4, 68, 80, 29, 30, 71, 15, 24, 19, 48, 50, 20, 26, 25, 65, 72]"
1210599,2025-07-13 02:25:00,"[39, 68, 42, 14, 20, 61, 66, 4, 51, 11, 72, 12, 53, 48, 46, 6, 69, 22, 40, 34]"
1210598,2025-07-13 02:20:00,"[7, 60, 44, 56, 20, 11, 74, 72, 55, 1, 23, 51, 46, 34, 28, 2, 40, 21, 19, 38]"
1210597,2025-07-13 02:15:00,"[39, 31, 28, 9, 10, 75, 21, 23, 47, 4, 25, 11, 56, 48, 27, 6, 70, 40, 63, 12]"
1210596,2025-07-13 02:10:00,"[9, 69, 56, 18, 72, 62, 19, 44, 27, 12, 2, 32, 31, 40, 24, 73, 78, 64, 49, 13]"
1210317,2025-07-12 02:55:00,"[54, 36, 37, 1, 67, 18, 64, 43, 22, 69, 31, 53, 51, 26, 76, 46, 35, 80, 74, 16]"
1210316,2025-07-12 02:50:00,"[11, 21, 41, 51, 31, 72, 55, 33, 27, 6, 39, 66, 65, 12, 29, 22, 67, 3, 35, 63]"
1210315,2025-07-12 02:45:00,"[69, 43, 9, 15, 41, 38, 2, 65, 68, 61, 55, 27, 74, 26, 75, 17, 20, 8, 5, 16]"
1210314,2025-07-12 02:40:00,"[73, 31, 13, 54, 79, 28, 43, 26, 56, 27, 64, 76, 42, 8, 75, 48, 74, 44, 19, 39]"
1210313,2025-07-12 02:35:00,"[25, 37, 73, 51, 65, 61, 79, 63, 75, 31, 22, 53, 4, 9, 21, 35, 68, 24, 69, 14]"
1210312,2025-07-12 02:30:00,"[50, 38, 62, 78, 52, 16, 7, 64, 4, 39, 26, 25, 80, 13, 57, 51, 61, 14, 40, 11]"
1210311,2025-07-12 02:25:00,"[5, 25, 13, 31, 6, 15, 41, 21, 51, 26, 53, 34, 45, 32, 4, 23, 60, 33, 52, 28]"
1210310,2025-07-12 02:20:00,"[61, 27, 38, 12, 37, 24, 69, 36, 62, 56, 77, 47, 49, 78, 60, 18, 67, 43, 3, 26]"
1210309,2025-07-12 02:15:00,"[28, 5, 40, 23, 66, 11, 13, 74, 68, 80, 49, 21, 76, 2, 75, 55, 12, 30, 22, 1]"
1210308,2025-07-12 02:10:00,"[24, 40, 23, 35, 29, 50, 27, 55, 39, 56, 44, 22, 61, 15, 54, 76, 4, 59, 48, 68]"
1210029,2025-07-11 02:55:00,"[25, 37, 29, 50, 34, 2, 38, 69, 52, 16, 39, 44, 62, 17, 7, 53, 21, 18, 9, 14]"
1210028,2025-07-11 02:50:00,"[65, 45, 2, 6, 15, 43, 24, 79, 76, 33, 4, 17, 64, 69, 47, 29, 25, 16, 70, 10]"
1210027,2025-07-11 02:45:00,"[26, 32, 43, 65, 36, 6, 38, 75, 79, 59, 46, 7, 9, 41, 35, 39, 31, 73, 33, 66]"
1210026,2025-07-11 02:40:00,"[9, 71, 36, 31, 65, 27, 59, 79, 60, 55, 32, 28, 42, 78, 43, 73, 20, 48, 21, 6]"
1210025,2025-07-11 02:35:00,"[58, 37, 55, 3, 11, 65, 10, 29, 24, 49, 43, 15, 52, 78, 38, 26, 32, 72, 73, 33]"
1210024,2025-07-11 02:30:00,"[62, 39, 1, 26, 3, 49, 73, 27, 9, 17, 76, 80, 55, 21, 71, 29, 31, 69, 75, 46]"
1210023,2025-07-11 02:25:00,"[22, 50, 48, 70, 23, 14, 45, 4, 33, 19, 26, 73, 44, 60, 47, 66, 74, 9, 56, 28]"
1210022,2025-07-11 02:20:00,"[80, 50, 23, 21, 30, 34, 19, 54, 14, 62, 25, 46, 48, 4, 74, 9, 33, 10, 17, 66]"
1210021,2025-07-11 02:15:00,"[76, 24, 48, 74, 39, 69, 52, 56, 13, 28, 71, 43, 67, 42, 2, 4, 79, 63, 23, 10]"
1210020,2025-07-11 02:10:00,"[8, 66, 23, 40, 34, 61, 78, 27, 62, 79, 2, 19, 35, 67, 50, 5, 59, 57, 75, 55]"
1209741,2025-07-10 02:55:00,"[13, 9, 17, 10, 67, 25, 26, 33, 14, 34, 73, 71, 7, 50, 64, 63, 54, 42, 19, 76]"
1209740,2025-07-10 02:50:00,"[42, 57, 3, 78, 54, 17, 59, 16, 32, 33, 35, 27, 28, 66, 26, 30, 7, 1, 40, 61]"
1209739,2025-07-10 02:45:00,"[41, 56, 50, 14, 35, 13, 26, 19, 12, 42, 31, 38, 63, 53, 47, 64, 30, 76, 22, 52]"
1209738,2025-07-10 02:40:00,"[3, 66, 17, 36, 22, 45, 33, 77, 53, 25, 23, 61, 12, 28, 47, 9, 6, 65, 30, 69]"
1209737,2025-07-10 02:35:00,"[25, 5, 48, 53, 13, 11, 38, 39, 32, 63, 64, 49, 71, 47, 7, 27, 72, 62, 60, 56]"
1209736,2025-07-10 02:30:00,"[68, 46, 3, 9, 25, 31, 45, 32, 15, 51, 10, 64, 22, 36, 79, 41, 29, 11, 2, 6]"
1209735,2025-07-10 02:25:00,"[1, 78, 53, 57, 17, 13, 42, 16, 59, 68, 41, 34, 21, 45, 8, 40, 2, 31, 30, 32]"
1209734,2025-07-10 02:20:00,"[53, 38, 23, 2, 46, 50, 66, 17, 10, 58, 56, 1, 16, 48, 64, 40, 74, 42, 78, 9]"
1209733,2025-07-10 02:15:00,"[80, 47, 10, 17, 64, 30, 56, 57, 38, 44, 39, 59, 4, 35, 25, 7, 53, 42, 15, 61]"
1209732,2025-07-10 02:10:00,"[58, 31, 27, 61, 53, 37, 43, 36, 1, 19, 40, 45, 49, 20, 80, 22, 25, 8, 33, 56]"
1209453,2025-07-09 02:55:00,"[4, 70, 25, 13, 40, 27, 77, 26, 14, 31, 63, 29, 7, 42, 38, 9, 2, 39, 56, 3]"
1209452,2025-07-09 02:50:00,"[74, 48, 50, 41, 79, 14, 53, 62, 73, 44, 59, 5, 39, 67, 26, 19, 54, 60, 47, 70]"
1209451,2025-07-09 02:45:00,"[17, 9, 38, 75, 52, 14, 45, 27, 36, 74, 43, 79, 51, 23, 66, 69, 18, 54, 41, 53]"
1209450,2025-07-09 02:40:00,"[3, 79, 66, 32, 63, 10, 53, 50, 71, 48, 38, 52, 49, 14, 19, 51, 8, 27, 34, 18]"
1209449,2025-07-09 02:35:00,"[72, 9, 70, 4, 11, 54, 21, 46, 37, 73, 30, 7, 44, 56, 51, 53, 71, 18, 15, 61]"
1209448,2025-07-09 02:30:00,"[73, 9, 50, 11, 66, 17, 46, 67, 1, 60, 41, 53, 78, 34, 79, 54, 52, 8, 2, 57]"
1209447,2025-07-09 02:25:00,"[55, 34, 10, 66, 25, 3, 62, 20, 50, 23, 47, 45, 38, 17, 9, 21, 74, 1, 26, 60]"
1209446,2025-07-09 02:20:00,"[47, 56, 38, 23, 12, 76, 1, 44, 19, 60, 41, 24, 62, 55, 49, 32, 52, 35, 8, 37]"
1209445,2025-07-09 02:15:00,"[46, 38, 21, 32, 6, 70, 27, 52, 53, 17, 69, 22, 80, 2, 35, 55, 51, 11, 45, 77]"
1209444,2025-07-09 02:10:00,"[67, 29, 35, 63, 38, 57, 66, 19, 71, 77, 34, 45, 74, 61, 17, 33, 64, 20, 80, 27]"
1209165,2025-07-08 02:55:00,"[9, 26, 56, 57, 41, 65, 61, 72, 23, 30, 60, 52, 51, 21, 69, 55, 36, 12, 28, 67]"
1209164,2025-07-08 02:50:00,"[67, 28, 34, 70, 73, 7, 55, 72, 66, 62, 75, 15, 6, 60, 37, 8, 68, 78, 38, 52]"
1209163,2025-07-08 02:45:00,"[43, 7, 69, 23, 13, 63, 41, 28, 56, 76, 14, 35, 32, 29, 75, 74, 34, 12, 44, 59]"
1209162,2025-07-08 02:40:00,"[63, 2, 52, 22, 6, 54, 78, 72, 31, 47, 71, 65, 30, 46, 32, 3, 14, 28, 1, 66]"
1209161,2025-07-08 02:35:00,"[42, 54, 63, 39, 22, 69, 34, 53, 65, 58, 45, 77, 28, 72, 78, 24, 79, 12, 23, 10]"
1209160,2025-07-08 02:30:00,"[78, 6, 29, 17, 35, 33, 60, 58, 31, 19, 23, 59, 36, 55, 5, 27, 22, 73, 26, 65]"
1209159,2025-07-08 02:25:00,"[33, 54, 9, 25, 20, 61, 71, 39, 49, 19, 66, 47, 62, 44, 14, 22, 67, 77, 74, 65]"
1209158,2025-07-08 02:20:00,"[16, 63, 39, 74, 56, 67, 36, 68, 65, 41, 45, 22, 77, 33, 64, 13, 28, 66, 76, 51]"
1209157,2025-07-08 02:15:00,"[37, 67, 28, 21, 13, 77, 52, 46, 25, 71, 4, 6, 12, 79, 10, 66, 54, 64, 74, 47]"
1209156,2025-07-08 02:10:00,"[73, 48, 20, 47, 16, 21, 12, 43, 62, 4, 14, 24, 72, 71, 50, 33, 51, 68, 79, 42]"
1208877,2025-07-07 02:55:00,"[44, 5, 59, 39, 40, 54, 48, 33, 19, 41, 55, 7, 65, 50, 25, 51, 78, 34, 21, 20]"
1208876,2025-07-07 02:50:00,"[38, 7, 54, 18, 4, 34, 63, 62, 17, 31, 6, 44, 3, 5, 36, 20, 13, 33, 27, 15]"
1208875,2025-07-07 02:45:00,"[25, 53, 42, 74, 56, 16, 6, 20, 67, 28, 4, 21, 15, 75, 44, 70, 79, 8, 19, 72]"
1208874,2025-07-07 02:40:00,"[38, 31, 14, 23, 25, 9, 61, 24, 17, 21, 18, 73, 66, 49, 1, 72, 52, 8, 58, 65]"
1208873,2025-07-07 02:35:00,"[33, 61, 72, 52, 31, 2, 50, 77, 46, 26, 67, 1, 78, 34, 66, 14, 12, 64, 47, 32]"
1208872,2025-07-07 02:30:00,"[11, 65, 64, 24, 37, 38, 50, 80, 56, 23, 36, 55, 17, 66, 3, 4, 48, 62, 60, 45]"
1208871,2025-07-07 02:25:00,"[14, 71, 52, 40, 4, 66, 46, 13, 49, 48, 21, 27, 60, 9, 50, 63, 69, 35, 12, 73]"
1208870,2025-07-07 02:20:00,"[65, 10, 14, 78, 41, 16, 3, 25, 77, 44, 43, 28, 27, 70, 64, 23, 48, 9, 52, 45]"
1208869,2025-07-07 02:15:00,"[15, 45, 57, 16, 39, 69, 5, 73, 64, 20, 50, 70, 52, 11, 54, 46, 13, 24, 26, 72]"
1208868,2025-07-07 02:10:00,"[7, 33, 38, 62, 55, 75, 78, 66, 18, 20, 23, 14, 58, 31, 53, 59, 63, 72, 46, 70]"
1208589,2025-07-06 02:55:00,"[33, 59, 21, 58, 71, 34, 80, 65, 53, 56, 49, 10, 29, 39, 62, 77, 52, 79, 78, 48]"
1208588,2025-07-06 02:50:00,"[35, 20, 6, 48, 76, 52, 43, 39, 44, 67, 12, 59, 45, 70, 18, 15, 1, 41, 8, 55]"
1208587,2025-07-06 02:45:00,"[12, 68, 60, 78, 65, 23, 9, 22, 64, 6, 2, 48, 76, 17, 62, 43, 33, 45, 28, 50]"
1208586,2025-07-06 02:40:00,"[23, 2, 51, 42, 33, 4, 20, 46, 68, 74, 13, 5, 58, 30, 9, 38, 36, 69, 55, 37]"
1208585,2025-07-06 02:35:00,"[24, 23, 35, 28, 9, 46, 53, 31, 48, 37, 8, 55, 43, 20, 38, 52, 10, 68, 39, 29]"
1208584,2025-07-06 02:30:00,"[49, 48, 71, 77, 65, 34, 17, 51, 18, 75, 68, 35, 5, 69, 2, 3, 13, 73, 40, 63]"
1208583,2025-07-06 02:25:00,"[32, 69, 74, 61, 79, 80, 71, 24, 26, 45, 15, 4, 58, 75, 48, 44, 66, 50, 39, 64]"
1208582,2025-07-06 02:20:00,"[77, 18, 62, 56, 6, 20, 16, 34, 19, 74, 51, 57, 39, 24, 66, 71, 7, 12, 53, 36]"
1208581,2025-07-06 02:15:00,"[23, 79, 78, 76, 5, 27, 18, 58, 75, 20, 15, 60, 46, 30, 50, 66, 7, 65, 14, 37]"
1208580,2025-07-06 02:10:00,"[60, 5, 3, 7, 36, 30, 78, 31, 19, 77, 9, 26, 21, 14, 1, 45, 62, 39, 12, 58]"
1208301,2025-07-05 02:55:00,"[77, 47, 23, 79, 1, 27, 80, 3, 20, 13, 76, 28, 30, 50, 8, 2, 17, 6, 64, 15]"
1208300,2025-07-05 02:50:00,"[31, 64, 80, 79, 2, 27, 16, 33, 49, 57, 24, 50, 51, 9, 14, 55, 22, 18, 45, 41]"
1208299,2025-07-05 02:45:00,"[27, 29, 47, 17, 35, 21, 77, 49, 79, 72, 75, 24, 9, 14, 73, 68, 64, 55, 60, 71]"
1208298,2025-07-05 02:40:00,"[18, 69, 66, 33, 76, 3, 20, 7, 45, 65, 56, 39, 19, 24, 49, 47, 36, 77, 8, 71]"
1208297,2025-07-05 02:35:00,"[44, 56, 5, 69, 38, 8, 11, 43, 4, 18, 15, 77, 1, 3, 60, 67, 33, 7, 58, 29]"
1208296,2025-07-05 02:30:00,"[59, 79, 77, 62, 20, 58, 18, 45, 24, 67, 64, 55, 9, 60, 5, 57, 28, 27, 56, 4]"
1208295,2025-07-05 02:25:00,"[45, 70, 51, 31, 74, 2, 54, 46, 79, 28, 37, 32, 18, 35, 24, 75, 63, 47, 12, 10]"
1208294,2025-07-05 02:20:00,"[21, 38, 15, 14, 8, 35, 80, 76, 62, 73, 71, 23, 30, 69, 45, 55, 10, 36, 41, 42]"
1208293,2025-07-05 02:15:00,"[45, 6, 65, 26, 58, 63, 28, 21, 27, 56, 53, 64, 66, 79, 76, 15, 10, 37, 14, 60]"
1208292,2025-07-05 02:10:00,"[54, 1, 53, 48, 3, 65, 49, 33, 66, 32, 10, 56, 62, 5, 21, 44, 64, 61, 17, 52]"
1208013,2025-07-04 02:55:00,"[40, 52, 56, 27, 59, 49, 54, 32, 74, 68, 71, 48, 23, 72, 61, 62, 15, 6, 24, 42]"
1208012,2025-07-04 02:50:00,"[65, 6, 68, 3, 13, 1, 16, 55, 38, 77, 14, 27, 71, 80, 29, 47, 8, 31, 76, 30]"
1208011,2025-07-04 02:45:00,"[60, 57, 8, 40, 69, 52, 25, 78, 32, 38, 59, 62, 16, 74, 29, 17, 4, 46, 79, 36]"
1208010,2025-07-04 02:40:00,"[63, 54, 51, 76, 35, 42, 40, 59, 2, 56, 62, 9, 14, 15, 10, 5, 21, 77, 33, 8]"
1208009,2025-07-04 02:35:00,"[58, 15, 72, 61, 19, 46, 48, 23, 32, 1, 54, 2, 26, 12, 17, 53, 47, 37, 63, 24]"
1208008,2025-07-04 02:30:00,"[75, 13, 58, 80, 61, 62, 45, 65, 77, 48, 70, 78, 26, 4, 22, 73, 57, 16, 68, 72]"
1208007,2025-07-04 02:25:00,"[72, 34, 78, 23, 70, 18, 22, 37, 57, 75, 43, 10, 17, 60, 4, 56, 55, 73, 41, 69]"
1208006,2025-07-04 02:20:00,"[49, 61, 21, 44, 37, 8, 71, 30, 57, 13, 39, 6, 23, 56, 58, 11, 46, 75, 22, 68]"
1208005,2025-07-04 02:15:00,"[52, 48, 34, 31, 45, 41, 63, 37, 76, 58, 33, 56, 23, 3, 40, 16, 17, 1, 53, 9]"
1208004,2025-07-04 02:10:00,"[10, 66, 36, 21, 34, 25, 45, 57, 5, 49, 78, 55, 56, 70, 14, 69, 65, 31, 62, 7]"
1207725,2025-07-03 02:55:00,"[1, 6, 24, 15, 70, 63, 75, 71, 51, 45, 34, 32, 62, 33, 12, 74, 21, 16, 8, 22]"
1207724,2025-07-03 02:50:00,"[69, 38, 7, 9, 80, 79, 61, 27, 12, 56, 33, 55, 2, 11, 78, 51, 39, 68, 71, 52]"
1207723,2025-07-03 02:45:00,"[71, 74, 68, 58, 52, 17, 57, 60, 64, 19, 46, 48, 69, 18, 28, 54, 33, 47, 45, 36]"
1207722,2025-07-03 02:40:00,"[68, 65, 33, 16, 73, 2, 39, 52, 27, 21, 78, 45, 67, 17, 40, 14, 10, 59, 46, 42]"
1207721,2025-07-03 02:35:00,"[72, 14, 16, 42, 35, 8, 69, 3, 13, 59, 7, 76, 18, 78, 49, 80, 40, 15, 41, 48]"
1207720,2025-07-03 02:30:00,"[22, 29, 37, 52, 25, 15, 18, 10, 64, 69, 72, 67, 24, 40, 1, 42, 7, 9, 58, 63]"
1207719,2025-07-03 02:25:00,"[56, 46, 1, 78, 24, 64, 72, 42, 34, 54, 79, 47, 8, 7, 28, 80, 32, 73, 59, 30]"
1207718,2025-07-03 02:20:00,"[12, 8, 5, 28, 50, 53, 78, 2, 55, 44, 69, 71, 79, 11, 65, 54, 76, 52, 17, 39]"
1207717,2025-07-03 02:15:00,"[5, 7, 36, 54, 47, 52, 21, 69, 16, 72, 4, 38, 48, 71, 37, 64, 28, 11, 62, 79]"
1207716,2025-07-03 02:10:00,"[60, 58, 74, 11, 62, 5, 73, 30, 40, 20, 59, 48, 8, 25, 47, 4, 12, 3, 66, 78]"
1207437,2025-07-02 02:55:00,"[58, 14, 66, 43, 33, 25, 3, 10, 16, 68, 1, 73, 61, 26, 6, 40, 8, 23, 42, 22]"
1207436,2025-07-02 02:50:00,"[2, 24, 54, 29, 67, 7, 12, 17, 3, 75, 4, 80, 19, 38, 62, 77, 33, 65, 76, 6]"
1207435,2025-07-02 02:45:00,"[56, 18, 40, 9, 26, 63, 51, 48, 23, 62, 61, 34, 79, 44, 47, 15, 67, 74, 36, 2]"
1207434,2025-07-02 02:40:00,"[17, 61, 2, 44, 74, 67, 16, 66, 12, 35, 77, 40, 30, 60, 14, 34, 51, 37, 5, 18]"
1207433,2025-07-02 02:35:00,"[13, 44, 80, 18, 35, 43, 51, 75, 46, 73, 40, 23, 53, 63, 20, 6, 36, 61, 24, 76]"
1207432,2025-07-02 02:30:00,"[73, 14, 4, 17, 54, 49, 34, 56, 50, 26, 24, 12, 33, 60, 22, 76, 40, 78, 11, 67]"
1207431,2025-07-02 02:25:00,"[42, 55, 69, 21, 78, 35, 32, 14, 71, 62, 41, 38, 48, 37, 79, 39, 75, 40, 22, 64]"
1207430,2025-07-02 02:20:00,"[76, 27, 42, 26, 12, 14, 58, 62, 78, 24, 45, 33, 74, 17, 55, 11, 66, 64, 65, 31]"
1207429,2025-07-02 02:15:00,"[6, 1, 65, 31, 56, 59, 80, 2, 73, 33, 55, 76, 26, 46, 34, 14, 27, 36, 28, 24]"
1207428,2025-07-02 02:10:00,"[67, 57, 55, 66, 14, 53, 6, 77, 32, 59, 68, 45, 36, 38, 19, 51, 27, 62, 48, 75]"
1207149,2025-07-01 02:55:00,"[9, 49, 63, 46, 11, 44, 10, 54, 73, 51, 12, 47, 52, 24, 17, 25, 39, 69, 78, 7]"
1207148,2025-07-01 02:50:00,"[51, 15, 75, 69, 58, 26, 56, 11, 57, 63, 53, 59, 22, 17, 41, 66, 45, 37, 46, 28]"
1207147,2025-07-01 02:45:00,"[38, 37, 3, 44, 35, 79, 68, 60, 77, 27, 70, 49, 22, 11, 15, 69, 1, 21, 56, 75]"
1207146,2025-07-01 02:40:00,"[38, 74, 18, 28, 60, 27, 39, 2, 16, 65, 36, 47, 41, 29, 49, 73, 62, 37, 13, 21]"
1207145,2025-07-01 02:35:00,"[4, 46, 7, 62, 23, 53, 34, 66, 15, 54, 14, 52, 10, 19, 50, 77, 44, 71, 25, 32]"
1207144,2025-07-01 02:30:00,"[54, 61, 36, 45, 75, 72, 57, 60, 23, 43, 48, 71, 68, 20, 19, 78, 59, 37, 27, 35]"
1207143,2025-07-01 02:25:00,"[75, 55, 31, 45, 71, 35, 16, 43, 63, 52, 26, 40, 53, 33, 74, 27, 77, 25, 6, 57]"
1207142,2025-07-01 02:20:00,"[29, 28, 62, 30, 56, 43, 16, 50, 75, 37, 78, 44, 47, 19, 7, 22, 53, 42, 51, 24]"
1207141,2025-07-01 02:15:00,"[41, 47, 6, 45, 62, 35, 12, 24, 56, 64, 30, 69, 53, 72, 44, 48, 11, 20, 27, 73]"
1207140,2025-07-01 02:10:00,"[80, 36, 6, 63, 43, 39, 49, 40, 13, 5, 58, 8, 9, 20, 72, 35, 60, 37, 48, 30]"
1206861,2025-06-30 02:55:00,"[48, 49, 46, 68, 44, 50, 13, 20, 67, 74, 70, 27, 7, 6, 40, 23, 65, 19, 42, 21]"
1206860,2025-06-30 02:50:00,"[15, 18, 27, 2, 49, 34, 1, 46, 56, 40, 51, 37, 4, 69, 33, 58, 57, 54, 14, 17]"
1206859,2025-06-30 02:45:00,"[6, 3, 61, 17, 4, 1, 78, 47, 62, 46, 21, 39, 8, 44, 10, 52, 36, 76, 27, 42]"
1206858,2025-06-30 02:40:00,"[48, 19, 51, 42, 31, 12, 27, 21, 47, 39, 1, 46, 50, 28, 71, 22, 76, 62, 35, 64]"
1206857,2025-06-30 02:35:00,"[80, 62, 74, 75, 5, 32, 26, 73, 46, 76, 67, 1, 18, 56, 58, 43, 64, 68, 23, 49]"
1206856,2025-06-30 02:30:00,"[31, 46, 42, 44, 9, 12, 60, 48, 76, 43, 65, 19, 73, 35, 57, 32, 11, 21, 5, 67]"
1206855,2025-06-30 02:25:00,"[7, 66, 44, 8, 34, 17, 52, 43, 59, 22, 68, 49, 15, 37, 20, 39, 6, 48, 45, 55]"
1206854,2025-06-30 02:20:00,"[3, 54, 38, 17, 69, 52, 49, 21, 34, 50, 19, 39, 41, 37, 68, 5, 43, 47, 65, 8]"
1206853,2025-06-30 02:15:00,"[24, 75, 11, 29, 74, 31, 16, 42, 6, 15, 66, 39, 72, 68, 58, 4, 65, 30, 55, 12]"
1206852,2025-06-30 02:10:00,"[62, 35, 75, 65, 12, 30, 28, 10, 14, 57, 40, 50, 78, 31, 5, 32, 26, 6, 9, 58]"
1206573,2025-06-29 02:55:00,"[54, 5, 2, 78, 76, 32, 16, 38, 22, 29, 67, 23, 52, 59, 80, 37, 18, 4, 75, 6]"
1206572,2025-06-29 02:50:00,"[68, 29, 73, 52, 16, 47, 26, 9, 21, 37, 12, 40, 33, 1, 65, 77, 5, 17, 80, 49]"
1206571,2025-06-29 02:45:00,"[12, 19, 8, 75, 76, 43, 54, 61, 65, 28, 2, 48, 9, 26, 31, 3, 10, 7, 57, 22]"
1206570,2025-06-29 02:40:00,"[70, 39, 52, 19, 32, 57, 40, 58, 25, 74, 75, 65, 23, 41, 38, 22, 6, 62, 37, 33]"
1206569,2025-06-29 02:35:00,"[37, 6, 10, 53, 56, 18, 74, 35, 46, 79, 59, 27, 49, 17, 55, 73, 33, 4, 3, 29]"
1206568,2025-06-29 02:30:00,"[71, 73, 65, 58, 39, 47, 29, 40, 66, 61, 80, 69, 36, 45, 64, 16, 23, 56, 8, 1]"
1206567,2025-06-29 02:25:00,"[50, 68, 31, 5, 14, 71, 60, 65, 27, 66, 20, 39, 69, 67, 40, 53, 29, 41, 57, 8]"
1206566,2025-06-29 02:20:00,"[73, 11, 35, 62, 17, 38, 57, 65, 79, 47, 53, 6, 54, 3, 4, 24, 27, 67, 31, 7]"
1206565,2025-06-29 02:15:00,"[1, 68, 61, 54, 29, 3, 35, 36, 2, 16, 27, 34, 79, 7, 31, 8, 40, 73, 76, 38]"
1206564,2025-06-29 02:10:00,"[56, 48, 75, 59, 43, 21, 3, 24, 42, 52, 72, 65, 35, 31, 19, 54, 79, 73, 6, 80]"
1206285,2025-06-28 02:55:00,"[57, 20, 39, 11, 49, 1, 45, 22, 16, 65, 7, 62, 5, 55, 19, 67, 59, 80, 52, 31]"
1206284,2025-06-28 02:50:00,"[25, 67, 12, 41, 64, 49, 31, 77, 53, 39, 30, 13, 55, 52, 62, 45, 28, 8, 20, 46]"
1206283,2025-06-28 02:45:00,"[61, 78, 30, 45, 70, 77, 54, 13, 21, 12, 50, 62, 76, 39, 25, 10, 47, 42, 63, 49]"
1206282,2025-06-28 02:40:00,"[32, 9, 35, 54, 29, 19, 60, 51, 45, 33, 55, 50, 76, 42, 10, 56, 5, 69, 7, 31]"
1206281,2025-06-28 02:35:00,"[31, 30, 73, 21, 58, 33, 27, 40, 71, 65, 23, 42, 32, 64, 19, 7, 54, 49, 50, 70]"
1206280,2025-06-28 02:30:00,"[5, 54, 71, 37, 34, 57, 12, 55, 64, 46, 76, 21, 43, 68, 14, 40, 31, 24, 33, 26]"
1206279,2025-06-28 02:25:00,"[54, 59, 51, 14, 60, 15, 31, 73, 26, 56, 69, 4, 32, 79, 63, 75, 76, 24, 70, 1]"
1206278,2025-06-28 02:20:00,"[56, 48, 49, 53, 76, 5, 69, 36, 44, 41, 77, 57, 59, 28, 27, 21, 37, 34, 19, 9]"
1206277,2025-06-28 02:15:00,"[74, 37, 6, 43, 73, 3, 67, 52, 63, 45, 9, 47, 14, 71, 68, 36, 62, 17, 33, 20]"
1206276,2025-06-28 02:10:00,"[26, 19, 41, 5, 44, 54, 32, 42, 39, 4, 51, 17, 69, 1, 31, 47, 79, 8, 2, 53]"
1205997,2025-06-27 02:55:00,"[80, 64, 48, 38, 68, 18, 29, 16, 24, 19, 50, 52, 10, 15, 23, 1, 36, 25, 61, 5]"
1205996,2025-06-27 02:50:00,"[31, 24, 11, 50, 59, 70, 21, 79, 49, 68, 2, 37, 73, 36, 60, 61, 56, 63, 58, 14]"
1205995,2025-06-27 02:45:00,"[52, 35, 75, 23, 45, 54, 21, 24, 51, 77, 60, 20, 61, 50, 13, 37, 22, 79, 36, 68]"
1205994,2025-06-27 02:40:00,"[35, 11, 36, 46, 47, 76, 32, 66, 20, 44, 21, 18, 39, 6, 22, 53, 13, 64, 8, 10]"
1205993,2025-06-27 02:35:00,"[43, 23, 5, 35, 45, 72, 50, 31, 18, 61, 28, 68, 9, 6, 48, 47, 34, 73, 36, 65]"
1205992,2025-06-27 02:30:00,"[16, 7, 21, 71, 58, 69, 2, 57, 8, 48, 11, 65, 37, 73, 18, 33, 72, 45, 64, 52]"
1205991,2025-06-27 02:25:00,"[45, 14, 64, 29, 57, 48, 58, 47, 62, 18, 68, 37, 61, 30, 20, 35, 53, 26, 27, 12]"
1205990,2025-06-27 02:20:00,"[62, 35, 4, 16, 73, 23, 7, 50, 80, 11, 14, 54, 68, 28, 65, 1, 20, 52, 22, 56]"
1205989,2025-06-27 02:15:00,"[65, 63, 11, 19, 48, 62, 26, 77, 13, 36, 71, 23, 60, 22, 3, 47, 40, 6, 28, 29]"
1205988,2025-06-27 02:10:00,"[26, 77, 10, 25, 4, 19, 62, 68, 38, 69, 5, 35, 59, 2, 74, 11, 17, 56, 79, 53]"
1205709,2025-06-26 02:55:00,"[20, 76, 73, 33, 79, 48, 15, 7, 41, 35, 71, 26, 80, 50, 9, 22, 45, 37, 67, 43]"
1205708,2025-06-26 02:50:00,"[40, 44, 66, 11, 59, 54, 73, 37, 35, 23, 29, 42, 46, 77, 30, 67, 24, 25, 13, 14]"
1205707,2025-06-26 02:45:00,"[53, 14, 4, 52, 42, 77, 67, 6, 64, 54, 19, 45, 38, 69, 24, 23, 71, 44, 15, 62]"
1205706,2025-06-26 02:40:00,"[36, 22, 41, 65, 9, 3, 24, 35, 58, 19, 51, 69, 61, 13, 37, 49, 39, 29, 56, 68]"
1205705,2025-06-26 02:35:00,"[42, 23, 40, 70, 54, 59, 77, 36, 79, 69, 30, 68, 12, 14, 66, 41, 64, 51, 60, 33]"
1205704,2025-06-26 02:30:00,"[74, 43, 75, 57, 14, 58, 65, 44, 78, 15, 67, 49, 23, 53, 40, 22, 46, 2, 52, 8]"
1205703,2025-06-26 02:25:00,"[59, 41, 12, 76, 49, 17, 8, 46, 37, 34, 55, 6, 72, 80, 54, 51, 40, 25, 79, 56]"
1205702,2025-06-26 02:20:00,"[18, 62, 24, 49, 11, 29, 76, 36, 64, 80, 45, 60, 42, 75, 1, 61, 34, 32, 59, 30]"
1205701,2025-06-26 02:15:00,"[21, 77, 28, 53, 69, 73, 54, 30, 23, 29, 39, 61, 63, 42, 33, 79, 60, 44, 27, 36]"
1205700,2025-06-26 02:10:00,"[37, 62, 35, 16, 80, 39, 40, 64, 33, 31, 28, 44, 58, 63, 67, 53, 56, 22, 74, 65]"
1205421,2025-06-25 02:55:00,"[37, 42, 14, 74, 32, 16, 49, 33, 73, 28, 40, 22, 50, 45, 8, 6, 76, 15, 12, 1]"
1205420,2025-06-25 02:50:00,"[28, 38, 14, 16, 60, 22, 44, 15, 40, 35, 6, 24, 80, 10, 61, 75, 58, 20, 19, 69]"
1205419,2025-06-25 02:45:00,"[26, 57, 2, 56, 73, 48, 69, 29, 1, 75, 63, 76, 25, 64, 13, 51, 28, 43, 72, 20]"
1205418,2025-06-25 02:40:00,"[20, 78, 5, 51, 34, 37, 3, 15, 24, 41, 54, 1, 48, 35, 9, 22, 14, 23, 77, 62]"
1205417,2025-06-25 02:35:00,"[12, 9, 32, 30, 66, 21, 75, 72, 26, 58, 25, 76, 13, 65, 40, 55, 59, 54, 44, 19]"
1205416,2025-06-25 02:30:00,"[22, 75, 61, 73, 30, 20, 78, 71, 17, 36, 6, 1, 62, 64, 7, 54, 19, 47, 80, 50]"
1205415,2025-06-25 02:25:00,"[18, 35, 78, 6, 43, 40, 51, 61, 4, 52, 33, 68, 32, 64, 55, 77, 56, 19, 1, 49]"
1205414,2025-06-25 02:20:00,"[70, 61, 34, 12, 33, 39, 2, 60, 46, 64, 47, 21, 3, 79, 37, 13, 56, 30, 76, 73]"
1205413,2025-06-25 02:15:00,"[56, 77, 57, 18, 42, 11, 55, 49, 40, 17, 34, 50, 20, 51, 54, 30, 6, 1, 71, 43]"
1205412,2025-06-25 02:10:00,"[23, 67, 31, 27, 13, 29, 4, 18, 59, 61, 15, 66, 77, 30, 8, 5, 22, 11, 19, 39]"
1205133,2025-06-24 02:55:00,"[75, 5, 36, 29, 47, 35, 2, 49, 38, 77, 79, 15, 70, 28, 78, 19, 57, 4, 30, 56]"
1205132,2025-06-24 02:50:00,"[5, 64, 31, 32, 36, 47, 16, 77, 18, 10, 27, 56, 25, 45, 79, 23, 65, 6, 35, 63]"
1205131,2025-06-24 02:45:00,"[40, 64, 56, 69, 33, 26, 46, 30, 60, 55, 22, 36, 34, 5, 66, 13, 20, 35, 39, 50]"
1205130,2025-06-24 02:40:00,"[26, 48, 35, 15, 20, 52, 5, 65, 67, 50, 44, 80, 16, 79, 45, 62, 51, 41, 46, 71]"
1205129,2025-06-24 02:35:00,"[74, 66, 27, 50, 8, 78, 34, 46, 28, 61, 41, 76, 43, 62, 69, 54, 63, 7, 48, 2]"
1205128,2025-06-24 02:30:00,"[11, 62, 43, 13, 45, 32, 38, 65, 5, 33, 42, 52, 39, 46, 16, 18, 66, 14, 49, 55]"
1205127,2025-06-24 02:25:00,"[71, 78, 45, 54, 18, 1, 17, 35, 47, 13, 9, 43, 73, 42, 46, 27, 70, 34, 24, 41]"
1205126,2025-06-24 02:20:00,"[54, 55, 19, 77, 11, 39, 75, 20, 51, 23, 52, 13, 9, 32, 36, 57, 79, 27, 53, 47]"
1205125,2025-06-24 02:15:00,"[76, 43, 21, 50, 35, 67, 65, 16, 51, 22, 36, 1, 39, 56, 11, 77, 48, 25, 72, 24]"
1205124,2025-06-24 02:10:00,"[28, 33, 27, 38, 30, 22, 55, 36, 17, 73, 50, 44, 66, 74, 21, 13, 47, 78, 10, 56]"
1204845,2025-06-23 02:55:00,"[61, 47, 56, 63, 55, 1, 35, 17, 54, 18, 68, 14, 80, 38, 4, 36, 5, 22, 73, 72]"
1204844,2025-06-23 02:50:00,"[74, 44, 53, 15, 32, 35, 76, 73, 55, 29, 38, 45, 18, 47, 11, 25, 10, 5, 69, 26]"
1204843,2025-06-23 02:45:00,"[30, 41, 69, 34, 23, 54, 1, 78, 13, 27, 9, 44, 72, 66, 77, 42, 38, 76, 62, 75]"
1204842,2025-06-23 02:40:00,"[35, 27, 63, 38, 20, 78, 75, 79, 68, 7, 39, 12, 64, 25, 29, 37, 51, 19, 44, 41]"
1204841,2025-06-23 02:35:00,"[80, 65, 44, 30, 71, 43, 45, 1, 15, 32, 56, 64, 67, 25, 57, 50, 60, 10, 9, 4]"
1204840,2025-06-23 02:30:00,"[30, 18, 15, 71, 8, 70, 74, 46, 31, 36, 43, 66, 58, 73, 24, 19, 42, 5, 80, 52]"
1204839,2025-06-23 02:25:00,"[72, 15, 53, 8, 38, 30, 69, 67, 24, 5, 52, 29, 80, 32, 11, 68, 65, 46, 10, 3]"
1204838,2025-06-23 02:20:00,"[13, 11, 64, 21, 30, 61, 52, 75, 46, 76, 25, 27, 15, 48, 32, 60, 71, 49, 22, 57]"
1204837,2025-06-23 02:15:00,"[63, 36, 77, 50, 44, 45, 62, 30, 13, 52, 67, 64, 12, 43, 69, 17, 14, 15, 65, 79]"
1204836,2025-06-23 02:10:00,"[53, 39, 37, 57, 15, 10, 48, 2, 71, 54, 18, 69, 35, 23, 74, 41, 43, 80, 12, 33]"
1204557,2025-06-22 02:55:00,"[33, 7, 24, 38, 42, 16, 12, 29, 43, 34, 65, 69, 76, 51, 41, 60, 48, 6, 71, 74]"
1204556,2025-06-22 02:50:00,"[27, 31, 73, 4, 25, 60, 74, 19, 41, 3, 37, 68, 11, 78, 16, 44, 63, 2, 43, 62]"
1204555,2025-06-22 02:45:00,"[36, 12, 38, 11, 53, 64, 16, 1, 37, 79, 5, 22, 50, 58, 18, 40, 57, 29, 73, 20]"
1204554,2025-06-22 02:40:00,"[30, 80, 32, 58, 10, 35, 50, 25, 33, 29, 31, 54, 59, 38, 79, 73, 12, 15, 76, 75]"
1204553,2025-06-22 02:35:00,"[76, 25, 10, 6, 77, 22, 39, 49, 79, 5, 33, 4, 18, 1, 73, 34, 23, 47, 2, 36]"
1204552,2025-06-22 02:30:00,"[71, 34, 12, 61, 74, 68, 13, 5, 80, 21, 72, 57, 70, 36, 59, 39, 14, 76, 24, 55]"
1204551,2025-06-22 02:25:00,"[41, 48, 59, 55, 2, 40, 13, 68, 53, 3, 8, 47, 58, 44, 14, 62, 38, 75, 22, 5]"
1204550,2025-06-22 02:20:00,"[6, 42, 4, 59, 2, 5, 9, 45, 73, 76, 77, 47, 66, 34, 78, 10, 31, 23, 49, 19]"
1204549,2025-06-22 02:15:00,"[64, 72, 10, 12, 50, 32, 26, 61, 55, 7, 67, 71, 41, 70, 16, 62, 20, 36, 25, 52]"
1204548,2025-06-22 02:10:00,"[77, 19, 78, 1, 37, 62, 40, 54, 39, 10, 12, 59, 41, 9, 55, 69, 27, 38, 46, 17]"
1204269,2025-06-21 02:55:00,"[77, 3, 69, 68, 44, 24, 79, 48, 29, 65, 49, 37, 55, 9, 26, 25, 62, 23, 33, 7]"
1204268,2025-06-21 02:50:00,"[55, 78, 1, 14, 57, 21, 25, 16, 64, 48, 10, 41, 13, 66, 59, 33, 31, 74, 65, 58]"
1204267,2025-06-21 02:45:00,"[22, 76, 39, 41, 2, 73, 75, 69, 49, 36, 13, 16, 55, 68, 25, 42, 60, 6, 9, 17]"
1204266,2025-06-21 02:40:00,"[77, 44, 68, 79, 5, 72, 57, 63, 1, 52, 2, 8, 12, 53, 36, 73, 67, 59, 80, 24]"
1204265,2025-06-21 02:35:00,"[42, 39, 1, 41, 77, 80, 47, 36, 62, 13, 78, 35, 73, 74, 31, 20, 6, 8, 26, 16]"
1204264,2025-06-21 02:30:00,"[62, 40, 31, 80, 76, 28, 72, 21, 42, 65, 23, 22, 37, 41, 45, 11, 7, 74, 73, 4]"
1204263,2025-06-21 02:25:00,"[5, 19, 30, 68, 38, 39, 32, 15, 36, 41, 78, 75, 20, 45, 65, 31, 6, 58, 37, 3]"
1204262,2025-06-21 02:20:00,"[69, 8, 11, 59, 60, 41, 64, 12, 50, 27, 16, 30, 74, 19, 31, 35, 80, 32, 71, 66]"
1204261,2025-06-21 02:15:00,"[27, 23, 37, 19, 48, 28, 49, 9, 63, 8, 60, 55, 17, 51, 33, 73, 16, 69, 21, 68]"
1204260,2025-06-21 02:10:00,"[3, 43, 24, 27, 70, 45, 1, 40, 56, 75, 9, 21, 53, 74, 22, 31, 12, 30, 78, 35]"
