draw_id,draw_time,hour,number_1,number_2,number_3,number_4,number_5,number_6,number_7,number_8,number_9,number_10,number_11,number_12,number_13,number_14,number_15,number_16,number_17,number_18,number_19,number_20
1093689,1970-01-01 00:28:37.286100,0,25,28,48,19,69,26,10,27,67,23,52,35,45,31,77,30,51,44,22,41
1093688,1970-01-01 00:28:37.285800,0,45,71,46,15,27,23,37,69,42,21,29,26,28,70,54,31,7,22,19,79
1093687,1970-01-01 00:28:37.285500,0,35,50,80,25,18,28,65,4,44,16,24,73,75,42,58,45,51,69,43,59
1093686,1970-01-01 00:28:37.285200,0,71,59,5,43,19,60,49,14,4,28,7,33,57,20,17,70,45,48,62,35
1093685,1970-01-01 00:28:37.284900,0,73,29,68,27,64,48,76,7,8,41,3,46,70,22,72,30,14,71,21,67
1093684,1970-01-01 00:28:37.284600,0,45,61,16,12,38,9,31,24,54,30,73,71,74,35,75,70,6,2,48,69
1093683,1970-01-01 00:28:37.284300,0,59,80,54,31,62,47,78,63,55,77,36,67,22,46,60,48,3,70,26,76
1093682,1970-01-01 00:28:37.284000,0,61,13,3,20,43,63,8,16,24,75,64,68,37,73,54,42,36,79,76,39
1093681,1970-01-01 00:28:37.283700,0,16,51,50,42,41,71,12,30,19,66,63,53,78,39,10,14,68,38,4,40
1093680,1970-01-01 00:28:37.283400,0,39,64,20,80,31,63,48,23,4,40,45,32,72,70,52,69,67,50,13,6
1093977,1970-01-01 00:28:37.372500,0,29,5,8,77,22,75,68,4,14,46,70,79,23,69,62,59,13,27,48,38
1093976,1970-01-01 00:28:37.372200,0,60,39,65,34,26,20,61,35,29,33,19,67,9,40,43,55,5,71,46,58
1093975,1970-01-01 00:28:37.371900,0,30,24,21,39,64,77,49,17,61,34,15,58,48,54,18,55,37,52,56,70
1093974,1970-01-01 00:28:37.371600,0,74,73,2,32,80,30,13,50,20,46,36,7,3,41,47,42,40,28,39,1
1093973,1970-01-01 00:28:37.371300,0,26,4,72,27,68,1,80,54,79,75,45,23,76,50,73,31,3,2,69,13
1093972,1970-01-01 00:28:37.371000,0,18,68,19,33,73,29,48,71,1,14,78,67,51,70,56,46,23,42,38,49
1093971,1970-01-01 00:28:37.370700,0,28,27,40,42,59,77,35,75,50,45,13,63,61,3,16,76,73,19,47,2
1093970,1970-01-01 00:28:37.370400,0,18,67,16,49,45,11,14,4,78,68,64,1,71,48,13,12,60,74,20,27
1093969,1970-01-01 00:28:37.370100,0,79,4,35,38,44,57,76,47,59,50,42,9,6,12,23,11,67,5,34,66
1093968,1970-01-01 00:28:37.369800,0,74,50,21,80,30,39,51,49,24,20,32,70,52,31,62,6,68,40,58,54
1094265,1970-01-01 00:28:37.458900,0,23,7,9,74,12,49,28,19,44,63,61,32,54,3,80,57,70,73,5,64
1094264,1970-01-01 00:28:37.458600,0,75,48,28,62,36,68,2,46,12,10,3,41,16,14,60,67,52,26,79,13
1094263,1970-01-01 00:28:37.458300,0,59,8,52,56,66,67,70,65,77,68,48,23,79,16,73,51,6,71,64,14
1094262,1970-01-01 00:28:37.458000,0,22,41,32,29,35,31,9,18,39,34,11,6,63,75,71,2,40,66,21,65
1094261,1970-01-01 00:28:37.457700,0,15,60,28,27,31,51,10,80,29,55,5,3,46,14,49,50,26,38,57,63
1094260,1970-01-01 00:28:37.457400,0,19,22,40,27,79,47,41,4,53,11,30,34,39,32,80,6,5,23,57,35
1094259,1970-01-01 00:28:37.457100,0,46,51,44,8,52,53,54,69,57,13,31,34,37,28,72,43,42,21,60,79
1094258,1970-01-01 00:28:37.456800,0,7,13,74,18,69,77,34,23,14,8,63,30,53,4,20,62,67,73,60,46
1094257,1970-01-01 00:28:37.456500,0,41,17,42,51,16,46,37,64,31,40,54,49,5,55,52,32,8,50,73,74
1094256,1970-01-01 00:28:37.456200,0,34,56,11,31,9,79,72,4,69,37,67,28,49,71,75,43,44,5,48,51
1094553,1970-01-01 00:28:37.545300,0,11,25,45,32,48,15,35,23,46,58,31,65,74,50,1,17,2,12,27,61
1094552,1970-01-01 00:28:37.545000,0,4,39,30,22,34,48,68,8,7,62,6,28,2,35,41,17,3,71,25,75
1094551,1970-01-01 00:28:37.544700,0,60,11,25,62,17,32,73,57,40,77,56,26,59,53,52,54,19,65,51,36
1094550,1970-01-01 00:28:37.544400,0,16,26,40,56,63,64,72,7,49,27,28,1,79,80,30,25,60,54,31,3
1094549,1970-01-01 00:28:37.544100,0,48,60,5,78,4,69,25,55,12,22,46,40,18,13,23,50,80,33,70,2
1094548,1970-01-01 00:28:37.543800,0,60,53,65,23,8,44,5,7,22,77,79,57,34,76,10,55,69,56,63,70
1094547,1970-01-01 00:28:37.543500,0,24,64,41,67,54,76,32,13,65,21,18,26,25,38,51,9,61,34,3,40
1094546,1970-01-01 00:28:37.543200,0,16,42,5,30,40,27,38,13,79,6,75,8,32,2,4,72,51,52,74,45
1094545,1970-01-01 00:28:37.542900,0,77,74,41,6,4,9,37,61,51,50,34,39,27,45,80,70,78,47,58,28
1094544,1970-01-01 00:28:37.542600,0,29,76,34,7,17,66,57,22,19,67,58,27,40,49,15,33,8,72,10,50
1094841,1970-01-01 00:28:37.631700,0,24,52,33,12,1,10,13,36,80,38,16,41,50,66,34,19,51,79,72,37
1094840,1970-01-01 00:28:37.631400,0,52,26,78,8,73,13,23,9,1,31,33,44,12,36,60,69,16,71,3,64
1094839,1970-01-01 00:28:37.631100,0,8,53,62,43,40,73,25,55,19,79,65,41,34,59,10,67,39,47,4,36
1094838,1970-01-01 00:28:37.630800,0,57,23,33,11,72,39,36,65,1,12,63,48,16,21,50,66,17,78,27,43
1094837,1970-01-01 00:28:37.630500,0,71,64,1,34,4,55,79,11,44,30,25,65,76,70,40,75,33,5,2,57
1094836,1970-01-01 00:28:37.630200,0,29,33,62,18,27,31,67,65,47,57,70,68,3,2,23,7,55,10,61,42
1094835,1970-01-01 00:28:37.629900,0,58,50,77,35,57,41,42,74,45,54,20,51,71,18,65,13,78,6,72,5
1094834,1970-01-01 00:28:37.629600,0,65,63,76,64,39,5,78,30,1,31,48,16,58,74,22,71,33,80,23,77
1094833,1970-01-01 00:28:37.629300,0,63,77,73,43,6,70,2,57,17,51,26,61,32,44,71,12,78,20,7,10
1094832,1970-01-01 00:28:37.629000,0,29,22,18,14,61,16,45,75,3,66,43,39,46,23,17,36,25,32,56,80
1095129,1970-01-01 00:28:37.718100,0,13,66,69,28,6,15,34,44,30,24,33,65,56,26,49,76,68,40,74,18
1095128,1970-01-01 00:28:37.717800,0,60,30,62,44,71,37,47,41,34,6,23,9,43,40,66,1,80,48,7,5
1095127,1970-01-01 00:28:37.717500,0,35,42,51,46,10,9,68,36,78,32,80,4,48,11,16,14,75,38,13,37
1095126,1970-01-01 00:28:37.717200,0,48,3,58,5,65,32,42,9,34,77,54,74,31,76,46,22,63,19,39,61
1095125,1970-01-01 00:28:37.716900,0,45,59,57,71,69,52,21,40,24,74,5,29,44,56,32,35,33,12,51,75
1095124,1970-01-01 00:28:37.716600,0,59,2,25,46,66,40,4,71,41,68,34,61,54,75,49,9,70,21,57,26
1095123,1970-01-01 00:28:37.716300,0,61,28,12,73,43,44,9,47,22,66,37,45,33,25,49,76,57,54,78,42
1095122,1970-01-01 00:28:37.716000,0,67,68,66,20,36,41,59,51,8,25,80,76,57,74,1,52,37,18,44,45
1095121,1970-01-01 00:28:37.715700,0,33,58,55,17,49,72,78,14,75,2,63,34,9,19,66,29,11,68,18,52
1095120,1970-01-01 00:28:37.715400,0,48,26,53,35,44,34,7,56,13,46,58,64,8,65,37,57,76,40,33,25
1095417,1970-01-01 00:28:37.804500,0,20,30,3,18,49,59,62,77,72,13,58,43,54,75,56,55,14,48,42,10
1095416,1970-01-01 00:28:37.804200,0,33,30,52,78,56,13,7,74,69,55,31,43,17,37,32,34,80,36,5,21
1095415,1970-01-01 00:28:37.803900,0,37,49,68,52,33,51,76,38,60,22,13,54,74,7,27,5,11,1,57,39
1095414,1970-01-01 00:28:37.803600,0,77,49,15,47,40,7,51,1,22,37,54,41,10,43,29,30,9,24,63,64
1095413,1970-01-01 00:28:37.803300,0,38,55,63,28,80,75,42,65,44,6,54,17,1,23,22,27,73,36,57,41
1095412,1970-01-01 00:28:37.803000,0,56,70,7,63,38,29,30,43,73,69,8,58,31,16,51,77,34,57,22,1
1095411,1970-01-01 00:28:37.802700,0,5,52,9,44,40,13,61,25,47,34,71,56,72,32,79,76,36,8,6,60
1095410,1970-01-01 00:28:37.802400,0,3,67,69,37,77,64,30,11,41,68,15,59,55,61,19,60,71,12,32,17
1095409,1970-01-01 00:28:37.802100,0,74,76,31,30,28,34,39,25,37,20,7,3,58,78,51,52,19,43,57,8
1095408,1970-01-01 00:28:37.801800,0,45,8,23,17,33,50,71,77,56,3,37,35,61,52,30,20,4,58,38,80
1095705,1970-01-01 00:28:37.890900,0,73,78,34,72,2,19,70,45,65,56,9,57,48,41,12,13,61,42,40,69
1095704,1970-01-01 00:28:37.890600,0,49,52,27,78,30,59,65,17,5,43,1,16,79,10,25,71,67,46,80,13
1095703,1970-01-01 00:28:37.890300,0,37,50,62,66,53,15,69,6,35,47,14,32,26,57,51,17,58,41,55,12
1095702,1970-01-01 00:28:37.890000,0,38,61,57,41,55,6,45,31,56,13,48,71,62,69,20,21,80,64,29,63
1095701,1970-01-01 00:28:37.889700,0,63,76,39,54,60,75,13,15,4,38,80,46,70,1,19,74,9,18,17,52
1095700,1970-01-01 00:28:37.889400,0,21,40,43,53,38,51,28,35,32,20,49,47,77,70,54,31,45,58,8,5
1095699,1970-01-01 00:28:37.889100,0,71,62,24,15,43,68,61,63,54,3,52,51,8,67,16,42,23,36,76,10
1095698,1970-01-01 00:28:37.888800,0,21,53,79,29,1,6,49,77,45,2,16,66,73,20,35,69,51,37,75,3
1095697,1970-01-01 00:28:37.888500,0,19,24,54,71,74,50,47,41,20,35,40,7,13,69,28,61,43,33,26,56
1095696,1970-01-01 00:28:37.888200,0,23,66,11,45,27,60,67,52,74,65,8,51,12,57,24,64,53,78,41,42
1095993,1970-01-01 00:28:37.977300,0,72,23,60,6,25,7,76,55,18,43,27,10,57,54,15,59,21,14,58,71
1095992,1970-01-01 00:28:37.977000,0,19,21,39,36,60,77,30,79,52,70,55,22,73,10,7,45,35,40,3,68
1095991,1970-01-01 00:28:37.976700,0,57,55,20,5,77,37,6,25,36,56,61,27,7,44,24,41,53,69,73,64
1095990,1970-01-01 00:28:37.976400,0,10,45,14,32,70,65,8,60,23,13,55,2,73,76,7,40,57,56,50,28
1095989,1970-01-01 00:28:37.976100,0,63,26,79,32,39,69,64,72,7,73,47,10,6,11,23,12,15,33,14,34
1095988,1970-01-01 00:28:37.975800,0,9,20,7,10,43,24,58,8,73,35,38,56,37,21,63,30,40,25,39,64
1095987,1970-01-01 00:28:37.975500,0,4,40,2,22,43,51,62,64,65,9,8,72,33,25,26,13,54,68,27,29
1095986,1970-01-01 00:28:37.975200,0,56,77,43,25,30,27,39,42,36,2,26,47,7,33,60,52,12,76,15,16
1095985,1970-01-01 00:28:37.974900,0,30,54,23,38,43,66,76,80,59,8,5,50,2,56,31,60,55,51,37,13
1095984,1970-01-01 00:28:37.974600,0,52,69,24,50,25,60,65,53,55,18,76,73,20,39,67,6,45,5,54,1
1096281,1970-01-01 00:28:38.063700,0,13,33,45,12,56,63,26,50,28,11,70,78,58,41,8,4,5,60,71,51
1096280,1970-01-01 00:28:38.063400,0,14,17,73,1,25,18,67,64,8,68,33,2,45,31,5,37,10,30,22,23
1096279,1970-01-01 00:28:38.063100,0,31,67,61,65,15,16,60,54,35,3,1,30,68,7,77,46,57,66,51,75
1096278,1970-01-01 00:28:38.062800,0,1,60,78,39,58,24,43,14,67,28,5,36,40,45,70,50,55,68,37,31
1096277,1970-01-01 00:28:38.062500,0,24,10,12,46,52,67,27,9,45,62,63,17,38,58,60,14,23,74,28,16
1096276,1970-01-01 00:28:38.062200,0,4,10,78,27,22,31,52,9,65,40,8,72,54,43,80,13,1,77,15,26
1096275,1970-01-01 00:28:38.061900,0,50,14,73,60,54,46,52,7,77,30,79,28,31,42,21,64,38,74,53,11
1096274,1970-01-01 00:28:38.061600,0,40,68,62,10,42,15,72,14,80,17,34,36,1,78,70,73,69,77,32,7
1096273,1970-01-01 00:28:38.061300,0,22,10,19,24,56,11,26,27,3,16,34,54,30,66,69,40,17,68,44,77
1096272,1970-01-01 00:28:38.061000,0,14,46,22,52,56,80,27,31,21,35,55,74,17,77,60,2,18,3,30,69
1096569,1970-01-01 00:28:38.150100,0,4,31,16,25,2,20,77,24,43,55,40,46,75,30,68,56,22,44,37,74
1096568,1970-01-01 00:28:38.149800,0,2,56,57,43,75,6,12,39,14,9,55,66,61,22,29,45,3,20,68,4
1096567,1970-01-01 00:28:38.149500,0,46,40,34,52,67,15,32,11,27,6,57,55,45,60,23,4,71,79,13,62
1096566,1970-01-01 00:28:38.149200,0,73,8,52,9,30,51,41,43,60,49,31,44,66,69,59,61,48,10,46,70
1096565,1970-01-01 00:28:38.148900,0,19,57,66,74,76,10,59,51,64,22,24,6,46,28,68,50,75,35,14,65
1096564,1970-01-01 00:28:38.148600,0,37,59,14,1,42,44,3,78,25,7,16,47,12,22,68,2,63,60,9,10
1096563,1970-01-01 00:28:38.148300,0,23,70,49,69,41,73,65,15,54,50,4,38,9,35,28,56,58,60,19,2
1096562,1970-01-01 00:28:38.148000,0,33,27,31,14,34,28,5,55,6,18,49,74,75,64,10,80,48,68,16,56
1096561,1970-01-01 00:28:38.147700,0,8,45,55,13,21,51,18,27,76,3,41,77,63,42,50,64,24,26,4,73
1096560,1970-01-01 00:28:38.147400,0,80,32,44,65,35,34,5,22,40,49,57,59,8,50,74,17,42,60,11,33
1096857,1970-01-01 00:28:38.236500,0,31,57,73,22,34,18,77,37,68,38,76,55,51,2,62,14,80,32,67,10
1096856,1970-01-01 00:28:38.236200,0,10,80,31,39,47,38,25,53,13,63,35,6,5,57,71,60,56,72,51,66
1096855,1970-01-01 00:28:38.235900,0,23,73,45,57,66,58,33,25,71,76,56,10,80,36,26,77,60,22,9,27
1096854,1970-01-01 00:28:38.235600,0,30,5,58,11,44,41,54,61,67,42,8,36,70,62,59,16,13,53,68,4
1096853,1970-01-01 00:28:38.235300,0,53,10,4,47,79,59,40,72,69,48,63,35,44,57,68,16,22,29,28,42
1096852,1970-01-01 00:28:38.235000,0,28,22,60,39,35,40,53,21,51,78,75,10,30,12,1,11,76,8,63,56
1096851,1970-01-01 00:28:38.234700,0,68,39,56,73,51,16,75,12,77,23,54,6,76,50,52,30,10,31,42,55
1096850,1970-01-01 00:28:38.234400,0,23,42,54,35,10,65,18,69,8,60,13,46,22,38,16,41,66,78,52,44
1096849,1970-01-01 00:28:38.234100,0,71,27,54,75,49,59,9,29,20,39,23,53,60,61,33,13,57,72,58,32
1096848,1970-01-01 00:28:38.233800,0,29,72,59,37,18,53,41,10,78,58,15,19,62,76,3,74,21,43,20,16
1097145,1970-01-01 00:28:38.322900,0,19,29,34,58,15,13,1,16,67,60,20,47,11,26,63,80,31,23,9,17
1097144,1970-01-01 00:28:38.322600,0,11,40,46,55,4,22,19,38,52,6,3,53,50,71,51,66,63,33,75,18
1097143,1970-01-01 00:28:38.322300,0,28,42,9,70,18,33,3,79,16,1,71,47,61,43,13,24,76,2,35,29
1097142,1970-01-01 00:28:38.322000,0,35,66,59,53,28,40,10,45,69,47,50,75,32,72,14,38,12,18,71,2
1097141,1970-01-01 00:28:38.321700,0,66,8,32,76,72,43,57,4,47,59,30,21,80,27,79,26,25,50,62,22
1097140,1970-01-01 00:28:38.321400,0,36,33,42,47,15,78,27,41,57,30,38,44,39,32,18,24,55,7,12,58
1097139,1970-01-01 00:28:38.321100,0,61,47,9,80,19,21,17,62,53,11,67,30,49,31,33,68,71,73,58,37
1097138,1970-01-01 00:28:38.320800,0,51,71,17,55,56,38,25,60,46,79,3,41,21,8,58,37,65,10,44,39
1097137,1970-01-01 00:28:38.320500,0,49,3,78,38,44,2,10,4,43,37,20,9,60,67,71,25,54,69,26,56
1097136,1970-01-01 00:28:38.320200,0,75,15,29,53,80,57,61,69,74,35,8,78,10,24,47,21,32,48,3,65
1097433,1970-01-01 00:28:38.409300,0,49,80,12,73,62,27,66,31,24,79,61,57,13,17,68,44,26,20,76,52
1097432,1970-01-01 00:28:38.409000,0,52,59,72,21,71,16,24,44,65,13,49,54,43,17,27,1,11,61,78,37
1097431,1970-01-01 00:28:38.408700,0,6,61,75,55,74,69,63,70,31,12,26,58,62,9,41,39,42,47,40,38
1097430,1970-01-01 00:28:38.408400,0,53,44,22,12,50,43,49,45,21,61,68,3,20,11,58,35,6,55,71,59
1097429,1970-01-01 00:28:38.408100,0,46,23,79,71,45,2,67,21,9,35,39,4,30,15,14,68,66,11,25,38
1097428,1970-01-01 00:28:38.407800,0,39,25,61,51,38,16,60,74,63,55,66,18,67,71,70,76,50,11,9,78
1097427,1970-01-01 00:28:38.407500,0,22,28,25,51,49,10,13,67,74,41,70,65,12,38,1,59,45,20,58,37
1097426,1970-01-01 00:28:38.407200,0,66,64,79,5,58,56,7,50,20,53,80,33,37,3,75,77,71,2,14,63
1097425,1970-01-01 00:28:38.406900,0,9,17,38,8,4,73,49,29,3,79,34,23,57,74,26,47,39,11,53,35
1097424,1970-01-01 00:28:38.406600,0,34,12,51,80,46,73,26,60,19,22,1,61,75,44,71,11,78,42,29,68
1097721,1970-01-01 00:28:38.495700,0,20,4,58,46,29,30,15,48,73,10,37,57,6,78,27,59,41,19,60,76
1097720,1970-01-01 00:28:38.495400,0,2,55,65,68,34,11,7,28,8,23,22,35,79,4,10,20,37,57,48,75
1097719,1970-01-01 00:28:38.495100,0,51,55,49,38,64,43,79,15,23,18,74,14,61,41,58,32,6,31,68,77
1097718,1970-01-01 00:28:38.494800,0,57,67,53,20,13,15,52,62,55,42,23,11,37,44,31,41,17,28,77,76
1097717,1970-01-01 00:28:38.494500,0,52,32,26,31,1,10,15,66,40,63,27,59,45,17,51,29,56,23,55,68
1097716,1970-01-01 00:28:38.494200,0,42,55,18,52,73,17,25,37,34,39,28,72,56,64,62,47,27,76,69,70
1097715,1970-01-01 00:28:38.493900,0,70,38,40,59,11,76,42,68,13,34,28,77,22,25,12,24,72,46,48,15
1097714,1970-01-01 00:28:38.493600,0,80,2,52,5,41,63,72,69,14,40,59,29,71,19,50,51,54,46,58,77
1097713,1970-01-01 00:28:38.493300,0,66,56,39,51,19,61,37,77,75,58,43,26,69,3,54,50,1,25,15,53
1097712,1970-01-01 00:28:38.493000,0,77,51,35,15,65,5,53,64,54,10,73,20,4,61,7,63,66,33,11,42
1098009,1970-01-01 00:28:38.582100,0,28,43,20,27,24,8,17,23,55,34,49,40,45,14,4,56,68,42,62,15
1098008,1970-01-01 00:28:38.581800,0,6,79,32,64,71,38,13,9,77,5,72,80,8,14,19,16,10,1,18,37
1098007,1970-01-01 00:28:38.581500,0,51,33,4,76,48,30,23,11,12,74,31,28,80,16,58,35,7,39,25,6
1098006,1970-01-01 00:28:38.581200,0,62,40,79,68,55,77,12,61,53,45,27,48,25,52,64,73,16,23,76,10
1098005,1970-01-01 00:28:38.580900,0,66,60,24,11,50,27,53,77,51,80,62,44,49,73,45,54,61,70,21,65
1098004,1970-01-01 00:28:38.580600,0,61,20,2,12,33,56,74,62,23,67,36,14,18,28,66,45,10,27,68,38
1098003,1970-01-01 00:28:38.580300,0,5,65,76,38,58,53,39,71,4,16,21,60,3,51,40,49,25,2,67,9
1098002,1970-01-01 00:28:38.580000,0,8,35,51,32,64,49,4,71,22,69,17,78,61,73,20,56,41,39,23,75
1098001,1970-01-01 00:28:38.579700,0,24,6,27,29,11,77,19,72,79,47,1,13,22,50,62,61,21,74,4,25
1098000,1970-01-01 00:28:38.579400,0,40,50,78,75,47,29,37,65,62,33,28,45,32,52,27,44,41,70,17,26
1098297,1970-01-01 00:28:38.668500,0,5,42,37,78,6,7,63,3,31,54,17,36,69,40,75,2,56,55,28,39
1098296,1970-01-01 00:28:38.668200,0,23,25,49,68,58,73,78,38,24,12,28,10,45,57,37,53,19,27,46,47
1098295,1970-01-01 00:28:38.667900,0,36,14,62,18,21,15,24,38,11,49,7,46,17,12,3,25,73,57,20,27
1098294,1970-01-01 00:28:38.667600,0,50,80,62,11,54,67,15,46,22,33,5,66,37,1,7,69,76,23,61,12
1098293,1970-01-01 00:28:38.667300,0,79,64,49,71,68,12,43,50,61,55,20,72,14,3,37,16,34,4,2,44
1098292,1970-01-01 00:28:38.667000,0,40,42,28,73,36,58,16,9,55,12,30,48,27,76,67,31,43,19,62,72
1098291,1970-01-01 00:28:38.666700,0,17,34,73,69,20,28,67,60,76,79,75,33,13,6,16,77,1,80,49,45
1098290,1970-01-01 00:28:38.666400,0,73,53,45,22,25,23,65,78,61,26,3,12,17,50,60,71,66,4,7,28
1098289,1970-01-01 00:28:38.666100,0,39,64,32,3,54,72,59,74,80,28,8,9,6,67,41,34,73,63,76,12
1098288,1970-01-01 00:28:38.665800,0,5,25,65,21,8,43,58,59,80,26,30,13,19,22,34,44,32,6,52,75
1098585,1970-01-01 00:28:38.754900,0,58,64,18,13,20,68,32,70,23,31,10,63,80,35,77,76,34,37,41,48
1098584,1970-01-01 00:28:38.754600,0,8,15,47,58,36,29,59,45,57,73,42,68,4,12,2,49,62,5,18,9
1098583,1970-01-01 00:28:38.754300,0,69,46,35,32,13,54,76,37,16,56,4,70,1,64,62,26,29,53,28,19
1098582,1970-01-01 00:28:38.754000,0,64,36,46,20,72,62,70,14,75,48,58,43,73,37,17,19,29,39,34,59
1098581,1970-01-01 00:28:38.753700,0,8,48,35,1,28,73,41,50,53,13,51,39,62,3,29,33,71,27,78,2
1098580,1970-01-01 00:28:38.753400,0,72,9,11,61,28,18,50,65,14,57,67,33,78,15,22,30,48,58,77,27
1098579,1970-01-01 00:28:38.753100,0,5,41,39,64,9,67,22,12,76,32,40,21,33,13,77,14,72,26,54,61
1098578,1970-01-01 00:28:38.752800,0,2,26,30,10,57,15,27,42,75,12,7,34,40,66,74,31,71,20,44,55
1098577,1970-01-01 00:28:38.752500,0,59,43,63,62,78,5,51,37,74,17,44,38,39,66,64,35,67,28,40,12
1098576,1970-01-01 00:28:38.752200,0,37,75,64,38,40,23,3,16,78,72,66,15,52,56,76,30,77,74,44,27
1098873,1970-01-01 00:28:38.841300,0,15,68,13,25,12,74,49,73,69,54,60,45,23,39,1,28,11,64,80,56
1098872,1970-01-01 00:28:38.841000,0,48,17,16,43,79,26,22,51,50,36,19,76,78,27,11,20,13,15,38,68
1098871,1970-01-01 00:28:38.840700,0,11,76,28,68,37,2,32,72,54,24,9,34,66,52,5,74,33,55,71,39
1098870,1970-01-01 00:28:38.840400,0,32,7,62,47,79,30,54,77,14,63,71,44,25,73,57,65,69,60,19,3
1098869,1970-01-01 00:28:38.840100,0,79,45,42,48,5,22,77,60,41,72,44,3,50,43,4,30,57,47,66,34
1098868,1970-01-01 00:28:38.839800,0,32,37,13,7,8,56,58,57,65,29,26,67,76,39,60,14,27,40,19,68
1098867,1970-01-01 00:28:38.839500,0,38,72,76,13,23,42,44,20,70,80,36,34,67,59,52,9,25,50,40,18
1098866,1970-01-01 00:28:38.839200,0,45,32,80,31,8,43,7,70,1,4,60,74,40,75,24,21,28,36,10,54
1098865,1970-01-01 00:28:38.838900,0,36,24,21,57,40,9,44,72,32,16,77,19,8,41,67,43,50,29,6,68
1098864,1970-01-01 00:28:38.838600,0,62,61,18,52,24,15,59,51,28,66,41,53,35,71,78,27,50,11,7,17
1099161,1970-01-01 00:28:38.927700,0,72,69,15,28,60,44,19,9,39,5,43,46,63,24,8,66,1,78,12,3
1099160,1970-01-01 00:28:38.927400,0,62,71,56,66,42,25,76,69,13,50,43,33,1,64,4,36,53,40,34,22
1099159,1970-01-01 00:28:38.927100,0,28,71,19,51,77,76,45,48,55,43,22,26,63,29,65,52,57,42,46,75
1099158,1970-01-01 00:28:38.926800,0,41,31,56,29,18,51,26,52,79,17,9,15,57,24,69,34,66,65,47,30
1099157,1970-01-01 00:28:38.926500,0,78,42,26,39,38,55,75,63,8,11,79,48,61,13,6,45,10,64,43,44
1099156,1970-01-01 00:28:38.926200,0,3,22,48,12,45,42,80,11,27,49,32,15,14,23,25,60,16,13,71,50
1099155,1970-01-01 00:28:38.925900,0,41,22,16,58,13,60,5,56,4,1,2,48,8,35,71,69,57,43,20,52
1099154,1970-01-01 00:28:38.925600,0,75,29,50,33,49,52,34,38,42,6,4,80,73,66,26,61,43,35,25,3
1099153,1970-01-01 00:28:38.925300,0,29,15,56,19,2,43,16,59,7,14,55,5,22,12,79,68,63,72,46,20
1099152,1970-01-01 00:28:38.925000,0,54,28,70,49,58,73,47,10,7,20,25,34,42,8,11,44,80,6,24,48
1099449,1970-01-01 00:28:39.014100,0,2,9,8,64,49,71,55,11,3,29,63,23,58,35,42,36,62,34,44,7
1099448,1970-01-01 00:28:39.013800,0,73,4,49,27,28,50,67,45,9,19,66,79,35,24,7,80,22,29,10,37
1099447,1970-01-01 00:28:39.013500,0,32,69,49,68,21,28,46,15,34,24,6,3,5,60,59,66,40,12,13,25
1099446,1970-01-01 00:28:39.013200,0,24,1,73,11,51,55,54,57,56,63,28,23,64,31,77,39,22,59,36,53
1099445,1970-01-01 00:28:39.012900,0,14,46,30,21,25,18,5,43,79,11,9,4,77,80,70,12,37,49,44,1
1099444,1970-01-01 00:28:39.012600,0,56,52,60,27,71,57,59,23,22,4,3,18,64,79,43,70,72,13,25,19
1099443,1970-01-01 00:28:39.012300,0,10,67,80,42,3,5,61,49,48,53,6,62,72,33,8,71,17,23,78,69
1099442,1970-01-01 00:28:39.012000,0,55,68,20,51,11,44,23,79,57,78,21,59,24,1,34,71,60,40,45,35
1099441,1970-01-01 00:28:39.011700,0,35,28,63,26,73,38,33,68,39,15,65,1,62,30,44,57,25,9,27,54
1099440,1970-01-01 00:28:39.011400,0,47,75,49,17,55,79,59,1,36,18,24,63,4,37,10,51,15,19,22,5
1099737,1970-01-01 00:28:39.100500,0,62,15,11,44,17,8,30,56,22,34,26,65,39,58,54,6,71,67,29,59
1099736,1970-01-01 00:28:39.100200,0,17,24,75,49,35,52,2,47,51,29,10,77,37,13,23,68,39,58,19,53
1099735,1970-01-01 00:28:39.099900,0,65,55,39,19,15,47,57,9,30,37,20,45,41,8,18,40,63,46,10,74
1099734,1970-01-01 00:28:39.099600,0,54,50,70,15,10,73,3,14,64,35,51,52,25,75,49,22,20,44,37,48
1099733,1970-01-01 00:28:39.099300,0,17,6,30,61,80,63,32,58,67,12,26,57,74,65,53,72,5,3,1,51
1099732,1970-01-01 00:28:39.099000,0,8,7,22,72,2,50,16,47,68,42,79,10,55,48,41,53,38,32,76,61
1099731,1970-01-01 00:28:39.098700,0,35,70,34,29,74,27,5,6,72,12,66,19,77,71,78,57,69,18,32,63
1099730,1970-01-01 00:28:39.098400,0,79,48,49,13,8,36,64,63,28,60,67,54,6,22,80,39,61,69,16,47
1099729,1970-01-01 00:28:39.098100,0,40,70,17,80,16,30,47,44,21,73,14,5,18,71,35,74,8,49,11,75
1099728,1970-01-01 00:28:39.097800,0,40,70,31,18,69,36,22,41,10,8,50,60,54,61,77,28,37,49,68,75
1100025,1970-01-01 00:28:39.186900,0,53,29,51,44,39,3,42,18,65,19,28,49,71,17,67,54,79,56,13,60
1100024,1970-01-01 00:28:39.186600,0,41,33,7,56,58,66,52,70,16,21,34,46,80,61,40,54,6,28,59,26
1100023,1970-01-01 00:28:39.186300,0,54,76,39,20,25,65,49,43,47,46,1,33,6,28,9,66,58,77,8,75
1100022,1970-01-01 00:28:39.186000,0,55,79,35,49,43,48,46,72,17,28,8,53,40,75,19,27,47,20,73,52
1100021,1970-01-01 00:28:39.185700,0,78,37,7,4,69,62,33,50,77,15,66,12,22,61,54,70,79,16,13,20
1100020,1970-01-01 00:28:39.185400,0,10,27,68,14,44,6,37,63,13,55,4,74,9,53,12,29,70,72,41,73
1100019,1970-01-01 00:28:39.185100,0,23,28,70,21,19,79,38,15,44,74,8,18,55,42,34,46,40,57,68,5
1100018,1970-01-01 00:28:39.184800,0,30,65,45,24,55,18,26,77,20,72,76,37,9,31,12,64,41,51,40,44
1100017,1970-01-01 00:28:39.184500,0,78,73,3,36,37,53,47,17,75,56,80,67,11,68,34,64,27,32,14,50
1100016,1970-01-01 00:28:39.184200,0,14,44,51,10,42,66,31,57,27,64,68,3,40,1,29,21,80,8,63,17
1100313,1970-01-01 00:28:39.273300,0,56,70,33,27,40,12,35,14,15,47,10,67,60,65,61,30,26,22,41,16
1100312,1970-01-01 00:28:39.273000,0,76,19,80,42,73,51,30,1,33,31,44,20,47,40,74,15,13,50,52,2
1100311,1970-01-01 00:28:39.272700,0,37,25,38,48,4,79,13,27,30,21,59,36,65,68,24,70,12,3,35,14
1100310,1970-01-01 00:28:39.272400,0,76,69,80,34,29,78,12,77,47,14,73,65,26,36,79,71,39,58,40,54
1100309,1970-01-01 00:28:39.272100,0,39,44,38,56,47,37,48,33,31,54,21,24,42,16,76,3,65,72,69,6
1100308,1970-01-01 00:28:39.271800,0,61,76,38,33,13,31,5,39,59,24,48,6,77,40,56,47,63,28,51,9
1100307,1970-01-01 00:28:39.271500,0,38,72,58,78,77,13,52,60,18,21,19,55,63,73,37,74,66,29,28,56
1100306,1970-01-01 00:28:39.271200,0,60,16,18,70,55,42,69,72,67,41,27,6,75,54,34,25,68,59,43,77
1100305,1970-01-01 00:28:39.270900,0,26,74,14,55,8,77,72,2,22,61,17,7,40,25,69,19,49,15,80,44
1100304,1970-01-01 00:28:39.270600,0,65,80,51,30,76,75,37,47,3,48,31,26,9,17,24,28,6,50,70,29
1100601,1970-01-01 00:28:39.359700,0,49,65,70,10,2,68,24,16,22,39,34,55,64,15,28,79,8,66,53,23
1100600,1970-01-01 00:28:39.359400,0,65,31,66,33,40,25,38,6,55,72,9,75,42,47,69,53,64,20,28,39
1100599,1970-01-01 00:28:39.359100,0,26,52,48,79,68,6,8,41,43,37,22,16,19,69,50,21,65,5,66,12
1100598,1970-01-01 00:28:39.358800,0,33,75,10,6,74,38,37,64,21,57,30,51,79,13,46,58,20,70,34,50
1100597,1970-01-01 00:28:39.358500,0,72,47,51,35,1,28,66,48,25,59,41,24,45,77,13,5,38,15,43,52
1100596,1970-01-01 00:28:39.358200,0,53,44,32,12,30,47,34,56,22,25,64,36,43,7,40,35,26,46,66,27
1100595,1970-01-01 00:28:39.357900,0,35,76,54,74,63,53,40,25,32,75,37,68,1,31,15,77,6,27,64,46
1100594,1970-01-01 00:28:39.357600,0,72,42,24,25,36,39,19,48,10,64,37,40,21,51,17,27,60,18,44,4
1100593,1970-01-01 00:28:39.357300,0,19,47,76,24,61,71,27,72,14,64,28,23,31,63,44,52,40,8,49,73
1100592,1970-01-01 00:28:39.357000,0,14,33,21,55,2,30,58,54,24,47,79,76,1,75,37,20,19,34,12,3
1100889,1970-01-01 00:28:39.446100,0,28,21,27,24,5,9,18,64,58,26,14,56,10,7,77,33,11,45,51,16
1100888,1970-01-01 00:28:39.445800,0,78,13,24,80,46,54,68,23,3,51,1,33,72,20,2,29,66,22,57,63
1100887,1970-01-01 00:28:39.445500,0,23,45,52,48,36,51,76,55,60,9,66,11,4,42,29,62,8,43,73,63
1100886,1970-01-01 00:28:39.445200,0,32,50,10,7,38,22,55,17,45,74,69,60,51,24,15,26,21,28,14,61
1100885,1970-01-01 00:28:39.444900,0,72,52,23,11,74,55,26,25,37,24,2,28,6,1,61,48,73,17,9,32
1100884,1970-01-01 00:28:39.444600,0,59,4,14,33,78,53,55,44,17,16,25,3,68,51,12,62,38,54,65,47
1100883,1970-01-01 00:28:39.444300,0,27,2,33,56,26,7,45,9,64,16,65,70,50,60,67,35,12,4,22,36
1100882,1970-01-01 00:28:39.444000,0,60,66,12,35,42,1,74,36,8,47,55,50,33,26,17,7,63,23,69,21
1100881,1970-01-01 00:28:39.443700,0,2,70,32,25,20,34,66,39,50,16,40,73,55,45,4,12,48,15,58,26
1100880,1970-01-01 00:28:39.443400,0,44,48,16,54,30,33,62,43,39,24,78,66,46,55,5,60,23,2,18,38
1101177,1970-01-01 00:28:39.532500,0,68,62,51,50,25,79,8,42,71,54,32,12,3,16,52,61,64,15,22,29
1101176,1970-01-01 00:28:39.532200,0,18,78,16,73,7,74,2,38,29,68,79,24,26,27,69,3,8,42,64,34
1101175,1970-01-01 00:28:39.531900,0,24,34,22,38,73,12,79,6,21,15,71,69,39,46,62,55,2,25,23,75
1101174,1970-01-01 00:28:39.531600,0,1,31,73,61,74,22,28,52,68,8,20,79,18,55,65,12,57,4,27,25
1101173,1970-01-01 00:28:39.531300,0,72,1,80,8,36,7,70,44,54,49,13,61,77,18,26,27,58,66,69,29
1101172,1970-01-01 00:28:39.531000,0,14,40,67,21,57,10,12,31,17,53,71,73,1,46,39,37,19,35,62,5
1101171,1970-01-01 00:28:39.530700,0,8,63,30,38,56,18,70,36,76,67,68,72,80,5,26,41,31,3,51,19
1101170,1970-01-01 00:28:39.530400,0,18,74,70,4,34,31,9,20,41,67,12,5,11,10,2,21,47,62,1,50
1101169,1970-01-01 00:28:39.530100,0,49,43,60,76,24,7,15,48,11,20,41,14,62,74,68,35,31,29,73,34
1101168,1970-01-01 00:28:39.529800,0,64,40,59,43,1,34,15,4,10,26,44,36,75,61,11,39,17,49,68,28
1101465,1970-01-01 00:28:39.618900,0,79,61,23,4,36,76,24,29,37,32,40,18,28,67,53,64,17,69,21,65
1101464,1970-01-01 00:28:39.618600,0,41,37,44,6,7,3,16,42,40,56,67,11,54,31,10,46,57,75,17,70
1101463,1970-01-01 00:28:39.618300,0,48,18,64,11,79,12,4,6,8,63,59,15,70,56,68,40,58,31,34,57
1101462,1970-01-01 00:28:39.618000,0,53,77,4,6,60,46,29,78,50,34,76,38,55,26,36,75,21,12,62,5
1101461,1970-01-01 00:28:39.617700,0,22,42,49,69,15,72,80,45,74,2,54,40,4,14,26,51,24,12,39,28
1101460,1970-01-01 00:28:39.617400,0,31,78,46,69,33,24,59,28,7,12,45,3,17,57,16,54,9,60,55,21
1101459,1970-01-01 00:28:39.617100,0,25,4,22,67,24,23,80,26,45,79,71,38,19,69,40,39,63,47,51,20
1101458,1970-01-01 00:28:39.616800,0,3,57,22,71,50,55,9,69,16,68,59,36,72,34,6,54,43,51,65,25
1101457,1970-01-01 00:28:39.616500,0,27,39,69,56,9,76,73,58,19,79,20,28,1,35,10,48,36,43,17,29
1101456,1970-01-01 00:28:39.616200,0,39,14,74,16,49,5,64,58,56,1,80,29,51,19,28,21,71,18,8,44
1101753,1970-01-01 00:28:39.705300,0,52,4,78,58,39,22,31,55,71,74,62,29,28,26,36,35,8,27,65,45
1101752,1970-01-01 00:28:39.705000,0,76,15,27,78,42,45,75,16,19,10,31,60,17,34,6,39,61,18,11,77
1101751,1970-01-01 00:28:39.704700,0,30,78,38,61,16,49,62,36,5,48,45,70,23,11,17,8,26,65,79,7
1101750,1970-01-01 00:28:39.704400,0,4,9,12,20,33,41,51,18,11,77,62,48,66,17,74,25,71,67,58,15
1101749,1970-01-01 00:28:39.704100,0,18,13,31,39,75,41,10,46,71,32,15,34,26,74,12,36,2,17,44,64
1101748,1970-01-01 00:28:39.703800,0,27,49,46,51,50,59,65,61,48,21,4,3,9,75,28,60,20,5,25,80
1101747,1970-01-01 00:28:39.703500,0,8,21,74,15,49,24,35,40,17,41,38,13,54,60,52,65,16,73,31,69
1101746,1970-01-01 00:28:39.703200,0,53,77,64,58,45,35,54,39,72,23,78,28,79,47,56,71,42,44,5,55
1101745,1970-01-01 00:28:39.702900,0,48,2,64,45,69,7,60,5,39,31,30,65,57,78,49,41,79,55,13,6
1101744,1970-01-01 00:28:39.702600,0,42,54,5,57,13,21,49,36,65,80,22,19,33,11,6,24,26,8,37,59
1102041,1970-01-01 00:28:39.791700,0,31,49,50,2,47,66,22,78,69,10,45,79,42,65,41,56,5,67,59,6
1102040,1970-01-01 00:28:39.791400,0,28,35,67,2,34,73,57,42,11,45,33,52,56,68,10,53,74,8,1,25
1102039,1970-01-01 00:28:39.791100,0,30,57,77,15,21,66,50,67,46,45,80,12,22,53,36,11,74,3,35,18
1102038,1970-01-01 00:28:39.790800,0,59,72,8,24,37,51,52,78,58,22,60,20,23,5,25,40,43,76,50,26
1102037,1970-01-01 00:28:39.790500,0,39,62,45,76,60,3,20,8,47,7,51,16,26,52,40,50,31,54,25,24
1102036,1970-01-01 00:28:39.790200,0,33,15,48,59,30,49,23,9,54,12,46,63,28,70,58,77,5,13,66,8
1102035,1970-01-01 00:28:39.789900,0,18,4,78,9,30,20,79,56,37,51,49,54,31,69,34,21,25,14,55,53
1102034,1970-01-01 00:28:39.789600,0,49,44,80,48,22,39,25,79,53,9,41,20,27,74,46,62,8,38,3,12
1102033,1970-01-01 00:28:39.789300,0,48,62,18,52,7,32,10,55,67,65,79,68,43,16,60,51,12,78,75,36
1102032,1970-01-01 00:28:39.789000,0,36,69,11,33,13,54,47,55,26,51,7,5,76,40,65,45,62,34,2,4
1102329,1970-01-01 00:28:39.878100,0,73,68,33,64,14,41,32,47,65,6,78,23,66,18,49,30,24,63,51,39
1102328,1970-01-01 00:28:39.877800,0,67,15,69,7,56,28,57,33,11,2,14,19,61,6,9,37,74,20,1,59
1102327,1970-01-01 00:28:39.877500,0,59,47,75,16,18,79,15,71,20,51,22,77,31,65,23,2,67,78,9,76
1102326,1970-01-01 00:28:39.877200,0,66,8,30,26,75,28,38,9,71,29,27,58,53,19,14,42,32,18,52,72
1102325,1970-01-01 00:28:39.876900,0,75,3,42,28,59,2,34,11,50,22,65,55,16,53,37,21,41,70,78,69
1102324,1970-01-01 00:28:39.876600,0,7,69,76,51,29,74,9,17,80,12,67,55,13,40,71,59,4,30,37,75
1102323,1970-01-01 00:28:39.876300,0,57,75,58,2,1,38,40,16,11,53,31,55,10,47,9,77,8,41,60,32
1102322,1970-01-01 00:28:39.876000,0,61,33,62,65,72,40,11,2,36,7,50,80,57,43,42,8,67,60,69,18
1102321,1970-01-01 00:28:39.875700,0,37,17,12,35,46,78,25,6,11,67,23,41,18,1,36,69,7,62,43,22
1102320,1970-01-01 00:28:39.875400,0,57,58,72,43,76,50,33,77,26,74,19,68,25,41,45,14,67,31,32,56
1102617,1970-01-01 00:28:39.964500,0,27,68,52,39,60,47,17,23,16,2,11,7,26,63,79,54,58,48,71,77
1102616,1970-01-01 00:28:39.964200,0,41,9,63,50,60,70,44,33,80,34,14,15,40,61,54,5,75,42,68,16
1102615,1970-01-01 00:28:39.963900,0,38,1,31,62,57,34,5,65,77,48,67,42,70,44,60,54,29,59,40,22
1102614,1970-01-01 00:28:39.963600,0,15,56,43,32,12,62,72,26,55,49,66,50,52,65,8,22,24,18,41,23
1102613,1970-01-01 00:28:39.963300,0,75,52,79,66,21,11,74,41,27,53,44,39,40,73,60,17,80,5,7,36
1102612,1970-01-01 00:28:39.963000,0,44,75,46,50,39,27,38,42,24,48,67,43,15,6,14,63,76,7,34,56
1102611,1970-01-01 00:28:39.962700,0,16,20,77,45,37,63,26,30,7,53,49,41,67,18,33,3,74,64,55,76
1102610,1970-01-01 00:28:39.962400,0,2,13,76,68,73,72,16,53,62,79,36,65,18,49,37,71,60,54,14,11
1102609,1970-01-01 00:28:39.962100,0,72,7,12,55,11,52,69,66,39,45,15,68,17,34,10,54,76,64,57,25
1102608,1970-01-01 00:28:39.961800,0,33,35,51,48,71,63,24,76,15,17,29,7,16,22,41,25,43,59,54,58
1102905,1970-01-01 00:28:40.050900,0,25,46,51,26,74,59,66,63,60,72,67,65,36,61,22,11,57,9,3,17
1102904,1970-01-01 00:28:40.050600,0,79,70,62,72,64,56,15,65,69,38,8,3,71,47,25,32,26,28,33,22
1102903,1970-01-01 00:28:40.050300,0,56,21,28,1,78,68,13,80,11,29,23,27,6,51,33,59,66,31,71,43
1102902,1970-01-01 00:28:40.050000,0,80,12,22,58,71,61,53,14,79,30,26,74,31,54,59,78,10,77,2,56
1102901,1970-01-01 00:28:40.049700,0,24,13,50,6,54,38,48,63,75,1,76,8,21,23,37,65,71,66,61,5
1102900,1970-01-01 00:28:40.049400,0,29,28,76,3,75,39,33,9,80,10,20,61,34,6,13,59,32,37,49,40
1102899,1970-01-01 00:28:40.049100,0,53,45,4,28,54,38,63,2,15,5,7,55,30,67,21,80,26,75,19,50
1102898,1970-01-01 00:28:40.048800,0,64,74,73,46,37,68,53,47,35,20,75,30,10,1,70,76,33,45,55,49
1102897,1970-01-01 00:28:40.048500,0,50,61,25,22,47,16,64,71,32,31,42,46,51,76,35,72,17,29,14,63
1102896,1970-01-01 00:28:40.048200,0,22,71,1,74,78,3,70,11,59,57,49,33,13,6,47,15,61,34,25,10
1103193,1970-01-01 00:28:40.137300,0,24,61,41,31,79,14,50,68,72,60,19,8,47,57,13,59,34,76,10,48
1103192,1970-01-01 00:28:40.137000,0,70,79,32,58,13,41,44,67,21,22,80,30,29,14,73,7,46,71,52,38
1103191,1970-01-01 00:28:40.136700,0,47,49,24,41,70,46,76,6,35,58,60,19,14,29,43,64,1,59,5,4
1103190,1970-01-01 00:28:40.136400,0,63,61,64,14,72,33,49,68,50,10,55,28,70,3,29,37,36,39,8,21
1103189,1970-01-01 00:28:40.136100,0,28,7,43,10,73,23,35,15,46,17,77,76,49,54,18,47,36,80,61,63
1103188,1970-01-01 00:28:40.135800,0,68,73,75,4,77,79,49,11,43,30,8,2,59,19,24,42,70,80,52,7
1103187,1970-01-01 00:28:40.135500,0,50,38,45,62,8,35,64,12,55,74,27,60,31,9,19,6,73,69,34,46
1103186,1970-01-01 00:28:40.135200,0,62,69,67,38,19,17,6,35,27,21,68,34,44,9,52,31,8,23,61,47
1103185,1970-01-01 00:28:40.134900,0,71,24,33,12,46,80,56,45,34,62,57,8,60,25,59,35,29,69,14,2
1103184,1970-01-01 00:28:40.134600,0,32,54,7,43,79,56,68,50,64,53,16,73,52,59,57,25,80,28,65,45
1103481,1970-01-01 00:28:40.223700,0,9,20,72,46,16,79,43,3,34,23,44,32,11,59,2,4,35,60,14,36
1103480,1970-01-01 00:28:40.223400,0,32,22,24,39,27,37,69,44,57,45,65,66,46,28,34,71,42,20,18,29
1103479,1970-01-01 00:28:40.223100,0,9,3,74,65,67,35,34,73,6,53,4,77,50,30,8,80,45,25,59,47
1103478,1970-01-01 00:28:40.222800,0,75,80,57,49,43,25,8,40,73,59,12,48,70,68,28,10,29,55,72,66
1103477,1970-01-01 00:28:40.222500,0,27,66,40,50,42,59,4,1,58,47,57,44,24,7,5,77,69,2,34,52
1103476,1970-01-01 00:28:40.222200,0,3,25,60,56,73,17,4,24,10,80,26,68,77,59,37,6,11,14,29,7
1103475,1970-01-01 00:28:40.221900,0,20,37,38,1,41,48,16,21,42,67,55,14,59,33,31,72,53,74,13,57
1103474,1970-01-01 00:28:40.221600,0,73,30,75,58,17,28,41,50,51,80,72,77,33,29,63,70,61,5,60,54
1103473,1970-01-01 00:28:40.221300,0,78,10,41,56,67,72,66,43,21,45,77,47,31,46,2,5,4,1,71,29
1103472,1970-01-01 00:28:40.221000,0,29,51,7,34,19,63,53,27,57,78,50,13,55,75,11,66,58,15,41,17
1103769,1970-01-01 00:28:40.310100,0,57,11,74,8,71,32,30,46,45,17,73,37,64,13,42,29,18,75,41,68
1103768,1970-01-01 00:28:40.309800,0,55,7,14,58,56,34,68,37,73,25,24,50,36,22,26,27,18,35,20,4
1103767,1970-01-01 00:28:40.309500,0,38,47,13,54,46,36,14,67,15,17,39,50,18,29,49,26,52,64,34,6
1103766,1970-01-01 00:28:40.309200,0,8,77,38,59,56,47,40,61,48,46,14,53,71,70,21,73,4,39,45,54
1103765,1970-01-01 00:28:40.308900,0,79,6,33,1,17,18,16,7,12,78,63,15,54,73,65,10,51,76,3,75
1103764,1970-01-01 00:28:40.308600,0,4,19,37,21,28,74,30,38,3,20,70,1,2,66,8,23,67,11,53,26
1103763,1970-01-01 00:28:40.308300,0,52,18,50,55,61,44,53,4,8,34,48,63,51,17,39,21,22,27,77,67
1103762,1970-01-01 00:28:40.308000,0,39,53,63,60,18,44,33,42,48,8,24,64,79,11,80,58,26,55,47,25
1103761,1970-01-01 00:28:40.307700,0,6,75,16,79,20,52,7,9,19,58,42,57,51,12,14,50,5,72,65,44
1103760,1970-01-01 00:28:40.307400,0,49,7,5,33,53,9,40,18,12,23,44,66,68,61,57,58,39,79,6,72
1104057,1970-01-01 00:28:40.396500,0,27,22,11,55,23,14,51,71,49,2,6,60,61,44,38,47,63,68,67,62
1104056,1970-01-01 00:28:40.396200,0,34,76,61,49,10,52,20,27,18,5,28,62,40,29,7,23,43,17,36,56
1104055,1970-01-01 00:28:40.395900,0,7,6,21,61,20,68,35,67,18,45,32,55,24,25,48,74,27,59,34,64
1104054,1970-01-01 00:28:40.395600,0,9,14,41,19,3,33,55,78,60,18,44,35,73,49,80,54,39,37,57,24
1104053,1970-01-01 00:28:40.395300,0,32,45,15,61,10,55,49,80,60,18,48,33,22,57,19,12,74,39,23,14
1104052,1970-01-01 00:28:40.395000,0,20,80,42,79,3,7,76,6,54,5,68,8,60,70,39,72,17,45,30,43
1104051,1970-01-01 00:28:40.394700,0,15,58,10,43,20,48,57,74,25,66,56,1,68,63,75,14,42,62,39,18
1104050,1970-01-01 00:28:40.394400,0,13,47,5,66,11,27,68,41,12,7,45,20,52,33,65,51,78,69,77,50
1104049,1970-01-01 00:28:40.394100,0,72,31,16,36,55,41,30,18,70,59,74,15,12,63,37,61,71,45,52,22
1104048,1970-01-01 00:28:40.393800,0,9,43,31,1,7,5,19,23,50,59,10,25,11,74,32,2,51,4,54,49
1104345,1970-01-01 00:28:40.482900,0,46,35,58,14,80,30,21,26,8,52,42,28,56,51,36,66,45,61,17,72
1104344,1970-01-01 00:28:40.482600,0,6,62,76,59,18,11,55,33,47,16,46,42,13,32,43,60,72,14,23,48
1104343,1970-01-01 00:28:40.482300,0,19,72,40,74,61,42,66,3,28,49,1,60,51,25,63,67,24,71,18,15
1104342,1970-01-01 00:28:40.482000,0,1,6,37,65,72,57,20,17,4,46,64,49,21,30,55,18,75,2,60,78
1104341,1970-01-01 00:28:40.481700,0,20,15,22,74,26,21,17,19,39,79,63,25,42,47,35,37,56,32,62,58
1104340,1970-01-01 00:28:40.481400,0,70,62,12,14,7,56,5,77,20,61,43,6,15,74,11,66,57,54,48,9
1104339,1970-01-01 00:28:40.481100,0,29,33,65,77,20,63,16,36,7,3,79,57,43,72,73,26,18,76,75,61
1104338,1970-01-01 00:28:40.480800,0,60,66,50,71,35,54,20,36,63,72,68,13,33,28,80,18,26,2,22,21
1104337,1970-01-01 00:28:40.480500,0,55,52,12,48,30,19,21,46,40,38,15,8,73,22,32,9,53,34,42,74
1104336,1970-01-01 00:28:40.480200,0,11,57,52,72,68,26,34,2,13,77,30,73,15,46,40,25,28,9,71,44
1104633,1970-01-01 00:28:40.569300,0,2,9,15,76,58,31,79,46,27,63,1,59,8,21,50,68,66,13,34,30
1104632,1970-01-01 00:28:40.569000,0,65,26,40,36,71,3,52,39,64,28,2,16,80,57,31,55,50,13,62,54
1104631,1970-01-01 00:28:40.568700,0,36,12,76,65,55,77,63,20,21,58,75,9,30,68,57,11,42,5,46,62
1104630,1970-01-01 00:28:40.568400,0,47,77,46,42,24,7,51,74,65,6,38,10,23,34,3,70,58,67,72,63
1104629,1970-01-01 00:28:40.568100,0,61,51,9,18,7,33,63,75,28,45,65,15,34,80,35,55,14,41,56,78
1104628,1970-01-01 00:28:40.567800,0,17,53,63,29,61,51,54,25,2,78,36,9,76,24,3,15,48,16,13,37
1104627,1970-01-01 00:28:40.567500,0,73,50,80,49,53,59,42,21,77,44,66,67,51,17,68,62,69,72,30,7
1104626,1970-01-01 00:28:40.567200,0,65,51,37,44,20,54,18,6,79,43,48,49,67,9,38,39,5,10,73,75
1104625,1970-01-01 00:28:40.566900,0,61,60,32,73,34,59,35,52,67,56,50,31,16,9,12,38,65,4,8,41
1104624,1970-01-01 00:28:40.566600,0,16,18,74,13,17,47,29,45,69,64,71,54,5,26,53,77,72,50,2,28
1104921,1970-01-01 00:28:40.655700,0,18,61,56,59,30,19,33,54,57,50,49,41,48,4,76,35,27,62,67,65
1104920,1970-01-01 00:28:40.655400,0,9,31,24,68,52,13,36,79,39,58,3,21,69,74,12,17,59,20,53,11
1104919,1970-01-01 00:28:40.655100,0,39,38,57,61,32,28,3,27,19,9,73,11,58,63,18,23,20,55,24,14
1104918,1970-01-01 00:28:40.654800,0,16,63,30,26,1,2,64,34,58,29,49,44,57,51,65,11,67,71,37,21
1104917,1970-01-01 00:28:40.654500,0,43,47,61,8,73,2,50,75,18,19,22,15,34,46,44,55,54,35,40,71
1104916,1970-01-01 00:28:40.654200,0,12,51,36,42,34,59,14,37,33,53,64,1,55,78,38,40,60,79,5,44
1104915,1970-01-01 00:28:40.653900,0,12,7,61,72,56,37,31,54,45,65,13,16,34,41,67,21,10,44,43,38
1104914,1970-01-01 00:28:40.653600,0,36,14,73,26,48,15,42,20,40,24,7,18,66,58,77,30,41,45,70,5
1104913,1970-01-01 00:28:40.653300,0,39,80,22,17,33,76,5,41,77,57,51,19,25,54,10,30,58,24,47,1
1104912,1970-01-01 00:28:40.653000,0,19,75,9,72,15,14,20,1,41,80,48,35,8,78,21,61,45,60,66,36
1105209,1970-01-01 00:28:40.742100,0,41,12,5,56,46,62,42,70,18,75,19,58,1,25,60,2,7,13,44,72
1105208,1970-01-01 00:28:40.741800,0,48,69,9,76,50,56,5,16,2,33,6,49,37,74,46,68,80,72,54,43
1105207,1970-01-01 00:28:40.741500,0,28,73,60,38,35,55,69,61,75,57,80,52,79,13,39,53,45,21,25,32
1105206,1970-01-01 00:28:40.741200,0,39,25,31,6,24,62,1,66,71,20,36,59,35,70,49,76,7,23,75,21
1105205,1970-01-01 00:28:40.740900,0,62,46,28,69,74,30,77,40,78,26,5,3,42,48,14,49,21,17,56,68
1105204,1970-01-01 00:28:40.740600,0,36,29,35,15,11,61,8,16,38,13,72,24,66,73,22,46,21,80,33,69
1105203,1970-01-01 00:28:40.740300,0,17,36,61,68,47,10,33,43,69,32,23,46,2,74,57,42,60,9,20,64
1105202,1970-01-01 00:28:40.740000,0,52,66,14,65,23,22,69,48,37,27,72,16,6,10,60,29,31,70,26,47
1105201,1970-01-01 00:28:40.739700,0,6,3,5,27,50,39,24,54,11,18,79,7,2,33,32,62,22,52,10,13
1105200,1970-01-01 00:28:40.739400,0,34,76,55,30,79,63,70,42,22,18,35,10,65,26,12,8,51,66,75,15
1105497,1970-01-01 00:28:40.828500,0,19,15,14,5,73,63,76,51,24,18,61,46,26,22,44,10,66,70,32,79
1105496,1970-01-01 00:28:40.828200,0,25,1,60,70,79,17,36,42,37,7,39,53,43,52,74,45,5,69,33,14
1105495,1970-01-01 00:28:40.827900,0,70,71,48,77,69,72,66,65,10,56,17,40,15,37,46,41,3,27,44,2
1105494,1970-01-01 00:28:40.827600,0,48,23,12,9,34,35,26,59,61,56,74,22,40,79,67,78,3,64,77,47
1105493,1970-01-01 00:28:40.827300,0,16,19,36,1,79,4,76,72,50,3,74,66,49,47,10,17,56,40,45,5
1105492,1970-01-01 00:28:40.827000,0,16,37,50,75,12,2,10,15,42,20,69,66,47,57,38,56,11,43,59,21
1105491,1970-01-01 00:28:40.826700,0,55,62,23,37,24,61,14,8,20,17,6,51,2,29,27,41,49,35,71,25
1105490,1970-01-01 00:28:40.826400,0,8,43,58,9,19,5,49,46,77,34,23,17,70,26,56,65,25,38,7,78
1105489,1970-01-01 00:28:40.826100,0,12,17,60,52,43,44,63,31,50,25,5,28,29,79,26,46,38,13,53,57
1105488,1970-01-01 00:28:40.825800,0,1,8,57,47,80,64,13,56,14,49,30,27,45,41,33,5,53,10,17,58
1105785,1970-01-01 00:28:40.914900,0,37,32,3,74,31,41,19,63,73,23,80,66,65,38,61,22,47,51,33,39
1105784,1970-01-01 00:28:40.914600,0,18,58,28,38,56,13,39,8,53,9,50,12,75,21,33,3,59,2,80,79
1105783,1970-01-01 00:28:40.914300,0,41,32,64,33,71,72,66,13,54,2,57,50,16,17,73,67,12,27,6,26
1105782,1970-01-01 00:28:40.914000,0,33,7,70,35,15,51,57,61,25,23,55,47,77,52,19,13,5,60,49,75
1105781,1970-01-01 00:28:40.913700,0,80,43,26,19,40,62,4,39,79,47,25,9,1,77,8,49,54,59,75,46
1105780,1970-01-01 00:28:40.913400,0,75,31,9,74,62,46,16,48,49,23,73,32,1,33,67,22,3,59,69,4
1105779,1970-01-01 00:28:40.913100,0,12,22,11,70,62,77,73,68,5,53,37,74,35,32,38,4,76,16,3,41
1105778,1970-01-01 00:28:40.912800,0,31,56,62,55,54,13,6,35,36,41,24,29,9,28,17,70,53,75,59,47
1105777,1970-01-01 00:28:40.912500,0,13,12,7,8,41,10,2,77,11,65,20,46,60,49,62,64,78,32,6,58
1105776,1970-01-01 00:28:40.912200,0,24,57,44,68,78,17,7,23,28,32,50,62,42,70,16,25,73,14,20,64
1106073,1970-01-01 00:28:41.001300,0,45,12,2,7,5,22,32,37,38,47,39,6,10,9,33,17,72,11,57,31
1106072,1970-01-01 00:28:41.001000,0,24,27,59,44,52,60,25,54,34,2,33,30,71,4,1,20,47,38,78,37
1106071,1970-01-01 00:28:41.000700,0,40,73,10,70,46,59,42,78,49,17,55,3,24,39,29,47,30,34,62,11
1106070,1970-01-01 00:28:41.000400,0,70,3,35,36,34,65,4,37,5,52,1,63,48,74,77,23,38,55,39,20
1106069,1970-01-01 00:28:41.000100,0,5,26,55,34,35,49,61,58,64,60,44,3,46,54,31,56,75,28,43,57
1106068,1970-01-01 00:28:40.999800,0,17,5,50,22,12,34,26,36,67,24,25,14,44,56,54,78,75,38,31,73
1106067,1970-01-01 00:28:40.999500,0,28,41,36,72,35,51,29,52,64,14,46,45,74,63,19,69,22,23,31,3
1106066,1970-01-01 00:28:40.999200,0,71,26,19,39,48,66,1,54,63,15,36,78,62,4,33,47,2,24,55,13
1106065,1970-01-01 00:28:40.998900,0,47,50,23,64,76,5,41,20,14,59,18,62,65,17,33,13,45,35,16,44
1106064,1970-01-01 00:28:40.998600,0,27,63,79,30,61,5,19,10,69,60,58,22,44,42,24,17,29,37,66,4
1106361,1970-01-01 00:28:41.087700,0,45,60,53,31,5,2,59,10,66,21,41,63,77,24,16,13,46,32,7,28
1106360,1970-01-01 00:28:41.087400,0,35,48,73,12,14,66,21,75,2,65,47,4,70,36,28,72,55,38,34,74
1106359,1970-01-01 00:28:41.087100,0,68,15,26,7,53,21,79,39,17,10,32,61,44,80,31,19,66,76,23,11
1106358,1970-01-01 00:28:41.086800,0,47,46,11,36,34,31,74,24,18,76,66,79,49,32,48,3,61,75,6,37
1106357,1970-01-01 00:28:41.086500,0,2,13,78,38,45,73,30,56,43,21,25,16,18,1,41,71,20,12,49,7
1106356,1970-01-01 00:28:41.086200,0,31,77,44,16,46,24,9,3,19,76,38,30,8,54,39,35,27,51,55,15
1106355,1970-01-01 00:28:41.085900,0,60,68,34,38,41,56,65,17,24,71,69,35,9,55,79,59,10,25,52,2
1106354,1970-01-01 00:28:41.085600,0,54,10,29,13,37,77,16,61,38,53,64,4,49,24,12,26,58,3,78,2
1106353,1970-01-01 00:28:41.085300,0,76,13,64,32,5,10,72,41,34,16,48,4,22,3,80,74,14,57,6,8
1106352,1970-01-01 00:28:41.085000,0,25,67,73,29,6,36,52,49,12,66,54,5,63,30,17,77,71,2,41,57
1106649,1970-01-01 00:28:41.174100,0,57,27,75,35,36,60,45,22,13,41,24,46,5,34,66,56,54,21,61,30
1106648,1970-01-01 00:28:41.173800,0,65,39,13,44,36,35,33,2,8,25,7,75,9,79,28,16,1,18,4,30
1106647,1970-01-01 00:28:41.173500,0,67,11,73,43,76,30,29,79,28,4,16,45,69,7,23,26,40,17,75,60
1106646,1970-01-01 00:28:41.173200,0,5,55,62,69,37,39,6,46,38,73,58,34,28,41,32,51,57,25,68,47
1106645,1970-01-01 00:28:41.172900,0,33,41,27,70,73,24,75,66,48,52,44,72,54,14,79,25,15,29,67,17
1106644,1970-01-01 00:28:41.172600,0,31,2,7,47,79,66,49,35,46,10,45,16,59,4,57,77,29,18,3,61
1106643,1970-01-01 00:28:41.172300,0,80,1,45,39,73,68,23,55,20,46,4,15,60,69,62,27,52,34,51,18
1106642,1970-01-01 00:28:41.172000,0,75,76,12,74,44,41,28,31,47,30,18,8,15,72,25,80,45,58,66,69
1106641,1970-01-01 00:28:41.171700,0,51,7,14,25,79,9,31,19,17,34,16,23,6,21,8,39,37,46,13,52
1106640,1970-01-01 00:28:41.171400,0,52,31,55,12,5,68,2,67,50,40,57,58,26,75,53,18,13,44,48,47
1106937,1970-01-01 00:28:41.260500,0,77,36,18,7,58,29,62,65,15,35,16,11,6,76,20,51,14,63,57,80
1106936,1970-01-01 00:28:41.260200,0,32,76,34,72,16,2,11,13,77,7,22,57,44,75,58,21,12,80,1,65
1106935,1970-01-01 00:28:41.259900,0,7,10,18,16,47,32,21,54,29,24,5,74,35,66,42,33,9,43,70,60
1106934,1970-01-01 00:28:41.259600,0,61,47,40,39,22,16,73,41,51,27,59,23,49,52,19,43,67,30,5,77
1106933,1970-01-01 00:28:41.259300,0,67,74,27,80,11,45,38,7,2,54,5,59,9,30,62,73,23,64,24,29
1106932,1970-01-01 00:28:41.259000,0,68,39,75,29,72,4,51,63,1,77,25,9,65,30,33,27,48,73,8,18
1106931,1970-01-01 00:28:41.258700,0,75,68,43,70,48,76,3,37,16,80,20,11,23,51,74,44,10,38,28,13
1106930,1970-01-01 00:28:41.258400,0,67,79,9,32,30,45,68,4,52,64,15,40,29,13,62,44,25,78,77,26
1106929,1970-01-01 00:28:41.258100,0,10,15,78,35,80,17,21,38,11,14,56,26,43,34,73,60,37,70,61,57
1106928,1970-01-01 00:28:41.257800,0,69,63,46,53,16,10,64,26,79,3,14,25,65,59,50,47,11,73,19,80
1107225,1970-01-01 00:28:41.346900,0,57,22,28,25,55,26,56,42,24,50,77,75,43,41,13,18,6,16,48,54
1107224,1970-01-01 00:28:41.346600,0,16,68,20,31,11,23,64,38,48,55,75,76,12,26,46,72,7,22,9,25
1107223,1970-01-01 00:28:41.346300,0,77,61,42,37,56,73,45,25,31,62,51,10,60,7,41,29,20,34,4,72
1107222,1970-01-01 00:28:41.346000,0,8,62,71,4,80,73,76,15,13,63,44,68,30,17,22,23,5,48,7,78
1107221,1970-01-01 00:28:41.345700,0,2,62,58,66,68,8,24,29,73,14,44,15,48,76,25,35,1,46,18,21
1107220,1970-01-01 00:28:41.345400,0,47,75,64,79,13,29,48,11,7,54,80,31,61,70,27,30,46,60,12,14
1107219,1970-01-01 00:28:41.345100,0,77,6,25,9,16,48,59,47,74,23,49,51,24,18,27,8,54,10,14,70
1107218,1970-01-01 00:28:41.344800,0,69,16,38,3,30,71,37,17,46,51,13,23,26,68,70,7,62,32,19,39
1107217,1970-01-01 00:28:41.344500,0,17,22,15,55,72,42,51,75,37,9,67,8,41,45,19,10,73,63,11,33
1107216,1970-01-01 00:28:41.344200,0,24,15,55,2,59,31,7,38,80,65,19,6,54,1,4,11,5,79,37,9
1107513,1970-01-01 00:28:41.433300,0,1,25,67,3,43,62,66,29,35,26,17,54,46,8,45,41,13,2,40,9
1107512,1970-01-01 00:28:41.433000,0,21,68,19,65,16,23,78,55,17,27,36,20,33,10,57,35,70,59,71,60
1107511,1970-01-01 00:28:41.432700,0,59,13,18,4,62,76,78,36,55,71,68,32,10,73,14,27,22,43,47,64
1107510,1970-01-01 00:28:41.432400,0,74,49,69,10,47,21,14,46,75,57,45,31,24,65,76,50,11,33,67,73
1107509,1970-01-01 00:28:41.432100,0,19,76,34,41,66,35,56,39,26,67,61,64,37,53,42,49,40,74,78,43
1107508,1970-01-01 00:28:41.431800,0,42,11,56,68,64,79,71,65,29,13,7,23,46,77,4,33,27,30,3,5
1107507,1970-01-01 00:28:41.431500,0,63,12,30,67,59,53,40,45,5,71,73,14,70,33,60,10,66,3,47,32
1107506,1970-01-01 00:28:41.431200,0,31,21,52,32,8,51,10,2,25,19,23,78,18,80,35,22,50,7,4,56
1107505,1970-01-01 00:28:41.430900,0,2,47,29,15,65,64,4,61,51,49,31,71,35,67,32,19,7,72,58,39
1107504,1970-01-01 00:28:41.430600,0,25,29,66,48,56,75,67,8,45,27,28,62,24,40,20,44,51,58,74,71
1107801,1970-01-01 00:28:41.519700,0,51,61,49,17,9,13,68,7,34,76,30,38,28,74,31,36,79,69,19,14
1107800,1970-01-01 00:28:41.519400,0,11,53,3,78,41,26,70,50,42,66,45,30,44,79,49,10,73,5,19,8
1107799,1970-01-01 00:28:41.519100,0,77,23,63,54,74,66,40,46,80,78,21,16,67,49,2,1,3,71,27,50
1107798,1970-01-01 00:28:41.518800,0,37,4,13,66,12,3,15,33,2,55,45,48,29,32,68,60,78,47,22,58
1107797,1970-01-01 00:28:41.518500,0,7,59,80,57,11,21,67,25,18,49,4,75,48,55,46,76,38,41,9,8
1107796,1970-01-01 00:28:41.518200,0,29,14,47,7,78,79,67,13,71,19,60,37,32,50,70,3,12,2,8,5
1107795,1970-01-01 00:28:41.517900,0,18,80,74,76,78,20,27,37,31,38,54,16,68,69,34,51,25,71,59,14
1107794,1970-01-01 00:28:41.517600,0,40,49,27,19,21,29,3,8,33,9,58,36,1,78,43,45,67,74,63,76
1107793,1970-01-01 00:28:41.517300,0,15,53,38,68,50,58,74,79,51,65,32,44,77,9,31,16,76,49,11,3
1107792,1970-01-01 00:28:41.517000,0,4,1,39,78,17,35,13,71,29,22,2,58,27,69,50,5,68,14,80,34
